timestamp,ip,method,status,response_time,bytes_sent,requests_per_minute
2024-01-01 00:00:00,10.0.0.210,DELETE,500,4.399739511837608,2496,2
2024-01-01 00:01:00,10.0.0.174,POST,500,2.552021400075075,2611,93
2024-01-01 00:02:00,192.168.1.103,DELETE,500,2.4433188552332705,493,21
2024-01-01 00:03:00,192.168.1.235,PUT,200,4.195223820421206,3653,10
2024-01-01 00:04:00,10.0.0.230,GET,500,1.2914914119059904,9418,18
2024-01-01 00:05:00,192.168.1.61,DELETE,404,3.924469398445932,8130,7
2024-01-01 00:06:00,10.0.0.112,GET,404,2.617199109159063,1666,28
2024-01-01 00:07:00,192.168.1.27,GET,404,0.2356677492346292,3256,66
2024-01-01 00:08:00,192.168.1.253,GET,500,4.841786099032304,2168,49
2024-01-01 00:09:00,10.0.0.94,DELETE,200,2.175768847148576,3731,26
2024-01-01 00:10:00,192.168.1.187,DELETE,404,1.4718571203359132,6019,39
2024-01-01 00:11:00,192.168.1.59,DELETE,200,0.9115800740278776,4801,61
2024-01-01 00:12:00,10.0.0.70,DELETE,404,2.0510830228860404,1989,29
2024-01-01 00:13:00,10.0.0.13,GET,500,3.9790331638018013,3717,1
2024-01-01 00:14:00,192.168.1.247,GET,200,1.1475704700080978,5783,53
2024-01-01 00:15:00,192.168.1.164,GET,403,2.719900154184725,6530,95
2024-01-01 00:16:00,10.0.0.22,PUT,403,3.495992859521732,7765,49
2024-01-01 00:17:00,192.168.1.166,DELETE,500,4.855359594479528,8237,26
2024-01-01 00:18:00,10.0.0.103,GET,403,3.474494829608058,4468,11
2024-01-01 00:19:00,192.168.1.144,POST,404,1.1758146710301531,4221,23
2024-01-01 00:20:00,192.168.1.2,GET,403,3.262811781363516,8300,46
2024-01-01 00:21:00,10.0.0.140,GET,404,1.1390810031523306,7380,60
2024-01-01 00:22:00,10.0.0.78,PUT,404,3.3406267276607706,705,9
2024-01-01 00:23:00,192.168.1.186,POST,200,4.701342445937406,6357,60
2024-01-01 00:24:00,10.0.0.217,GET,404,2.8412261659370928,8722,96
2024-01-01 00:25:00,10.0.0.76,POST,404,1.1553644453958427,5957,33
2024-01-01 00:26:00,192.168.1.197,GET,500,2.5056915633341177,4621,45
2024-01-01 00:27:00,192.168.1.43,DELETE,200,3.2761318902369334,7572,36
2024-01-01 00:28:00,192.168.1.193,PUT,200,2.8751633766155495,1133,34
2024-01-01 00:29:00,192.168.1.64,PUT,403,2.187550238962621,7192,23
2024-01-01 00:30:00,10.0.0.38,POST,200,4.9245000231337315,8175,13
2024-01-01 00:31:00,192.168.1.157,DELETE,200,3.461753571854571,4489,67
2024-01-01 00:32:00,10.0.0.191,POST,500,4.131913576311446,5658,73
2024-01-01 00:33:00,10.0.0.244,DELETE,404,2.5584970155574354,7089,18
2024-01-01 00:34:00,10.0.0.153,PUT,500,2.8346591747325602,7682,72
2024-01-01 00:35:00,10.0.0.74,POST,403,2.211048629935874,7854,67
2024-01-01 00:36:00,10.0.0.210,GET,404,4.6594573177168295,9544,49
2024-01-01 00:37:00,10.0.0.148,POST,403,3.8434169968727416,2386,10
2024-01-01 00:38:00,192.168.1.6,PUT,404,3.168595517518914,734,85
2024-01-01 00:39:00,10.0.0.107,GET,404,0.1430714775922065,819,31
2024-01-01 00:40:00,10.0.0.243,GET,200,2.929831753738139,5370,91
2024-01-01 00:41:00,10.0.0.250,DELETE,404,1.5154902965515298,3994,57
2024-01-01 00:42:00,192.168.1.78,POST,403,3.789737047562932,8484,68
2024-01-01 00:43:00,192.168.1.134,DELETE,500,1.5552755807914036,9984,9
2024-01-01 00:44:00,10.0.0.94,POST,200,4.140279188737547,9648,4
2024-01-01 00:45:00,10.0.0.83,PUT,200,4.3739469896986165,5677,63
2024-01-01 00:46:00,10.0.0.36,DELETE,500,4.34988682699323,5615,88
2024-01-01 00:47:00,192.168.1.214,GET,200,4.647778255360344,9283,68
2024-01-01 00:48:00,192.168.1.59,POST,404,3.6098364224792108,2849,94
2024-01-01 00:49:00,192.168.1.209,PUT,500,0.6626349156810023,7337,42
2024-01-01 00:50:00,192.168.1.126,POST,500,0.7768478153829912,548,13
2024-01-01 00:51:00,10.0.0.103,PUT,404,2.234515849023919,4187,72
2024-01-01 00:52:00,10.0.0.111,DELETE,200,1.4190708087373451,1467,84
2024-01-01 00:53:00,10.0.0.156,POST,404,2.057274464989554,421,57
2024-01-01 00:54:00,10.0.0.193,DELETE,200,1.7958938135882316,8907,1
2024-01-01 00:55:00,192.168.1.101,POST,200,4.333124121518575,8993,87
2024-01-01 00:56:00,10.0.0.195,DELETE,500,3.917578750860876,2846,31
2024-01-01 00:57:00,10.0.0.67,GET,403,3.846312333105361,3047,3
2024-01-01 00:58:00,10.0.0.136,PUT,403,0.9403129148851286,4967,8
2024-01-01 00:59:00,10.0.0.224,GET,500,3.464053131034086,8830,35
2024-01-01 01:00:00,192.168.1.40,POST,500,3.899296128700093,5566,26
2024-01-01 01:01:00,10.0.0.21,PUT,404,1.8664032984311656,4494,17
2024-01-01 01:02:00,10.0.0.29,POST,500,1.8526540472792294,3102,89
2024-01-01 01:03:00,192.168.1.10,POST,200,3.2127347376707958,4084,12
2024-01-01 01:04:00,192.168.1.35,GET,500,0.3309488934833251,8728,87
2024-01-01 01:05:00,192.168.1.231,GET,404,0.3549403864543643,4520,81
2024-01-01 01:06:00,192.168.1.159,DELETE,500,3.251546255449252,7472,56
2024-01-01 01:07:00,192.168.1.195,POST,200,2.303275968142882,4042,2
2024-01-01 01:08:00,10.0.0.155,PUT,404,3.9762485659708076,784,33
2024-01-01 01:09:00,10.0.0.22,GET,403,3.1628440806279676,8330,96
2024-01-01 01:10:00,10.0.0.197,DELETE,500,0.9086705827228805,5900,93
2024-01-01 01:11:00,192.168.1.40,POST,500,2.478611067791881,2256,76
2024-01-01 01:12:00,192.168.1.49,POST,500,1.1276605402988293,5077,91
2024-01-01 01:13:00,192.168.1.247,DELETE,500,2.9698388002023903,5743,30
2024-01-01 01:14:00,192.168.1.213,POST,404,4.765046370656345,757,7
2024-01-01 01:15:00,192.168.1.86,PUT,404,3.138465079291227,3823,79
2024-01-01 01:16:00,10.0.0.225,PUT,500,0.18893343777877805,9990,51
2024-01-01 01:17:00,10.0.0.198,DELETE,500,3.1664816919233774,2677,11
2024-01-01 01:18:00,192.168.1.254,POST,200,2.3153857635719106,5760,89
2024-01-01 01:19:00,192.168.1.182,GET,200,3.727506945212842,9645,52
2024-01-01 01:20:00,192.168.1.93,POST,500,3.8634031348461018,103,52
2024-01-01 01:21:00,10.0.0.235,POST,200,3.9246694852189155,8605,93
2024-01-01 01:22:00,192.168.1.217,GET,500,0.1957626957822638,6165,42
2024-01-01 01:23:00,192.168.1.130,POST,500,1.1719546236609042,1544,59
2024-01-01 01:24:00,192.168.1.109,PUT,403,2.0981328328913684,8804,55
2024-01-01 01:25:00,10.0.0.244,PUT,500,3.7802075120158634,9428,11
2024-01-01 01:26:00,192.168.1.61,PUT,200,4.517121172398749,4153,38
2024-01-01 01:27:00,192.168.1.138,GET,403,3.1220158491144274,8230,34
2024-01-01 01:28:00,10.0.0.113,PUT,403,2.4200186035925717,2038,47
2024-01-01 01:29:00,192.168.1.113,PUT,200,4.408056394883792,4779,14
2024-01-01 01:30:00,10.0.0.226,GET,500,4.253933556927117,6614,86
2024-01-01 01:31:00,192.168.1.11,PUT,403,0.627569112176748,8962,4
2024-01-01 01:32:00,192.168.1.109,PUT,500,2.1582993040195015,9344,44
2024-01-01 01:33:00,192.168.1.235,PUT,500,4.21455751053792,6252,57
2024-01-01 01:34:00,10.0.0.3,DELETE,200,0.3104125210217159,540,26
2024-01-01 01:35:00,192.168.1.158,DELETE,500,0.7021932036432184,8878,14
2024-01-01 01:36:00,192.168.1.116,GET,200,3.921779594383197,4191,4
2024-01-01 01:37:00,10.0.0.42,POST,500,1.251451238164153,4159,24
2024-01-01 01:38:00,10.0.0.185,PUT,404,0.6696897355547905,5114,99
2024-01-01 01:39:00,10.0.0.246,DELETE,404,0.9608677980226253,2434,30
2024-01-01 01:40:00,192.168.1.9,GET,404,0.8958312807626392,209,51
2024-01-01 01:41:00,10.0.0.204,DELETE,500,2.2098526109519065,4537,64
2024-01-01 01:42:00,192.168.1.139,GET,403,4.648589081902933,960,22
2024-01-01 01:43:00,192.168.1.116,POST,404,2.500089897043819,2975,1
2024-01-01 01:44:00,192.168.1.241,POST,404,1.3067990411418553,4982,80
2024-01-01 01:45:00,192.168.1.53,POST,403,1.9820807276631849,3653,20
2024-01-01 01:46:00,192.168.1.172,DELETE,403,4.947336615532971,6074,75
2024-01-01 01:47:00,192.168.1.43,POST,200,1.2853603921897172,2087,33
2024-01-01 01:48:00,192.168.1.252,GET,404,1.0708764223065226,7491,90
2024-01-01 01:49:00,192.168.1.243,DELETE,403,3.618248640175281,5134,83
2024-01-01 01:50:00,10.0.0.143,POST,403,1.5105715652428242,9186,62
2024-01-01 01:51:00,192.168.1.130,PUT,500,1.3730466166298658,5445,85
2024-01-01 01:52:00,192.168.1.19,POST,200,1.4521805023456649,5479,38
2024-01-01 01:53:00,192.168.1.57,DELETE,200,4.046438829634213,2907,37
2024-01-01 01:54:00,10.0.0.141,POST,404,1.027679676383586,4134,90
2024-01-01 01:55:00,192.168.1.81,POST,200,4.069118938514241,7091,43
2024-01-01 01:56:00,192.168.1.111,PUT,404,2.2854701925905414,3566,24
2024-01-01 01:57:00,10.0.0.69,PUT,404,1.8831234460414474,9041,26
2024-01-01 01:58:00,192.168.1.41,POST,500,3.7840440710214667,6291,5
2024-01-01 01:59:00,192.168.1.176,DELETE,404,3.0536341945795633,1702,10
2024-01-01 02:00:00,10.0.0.34,PUT,403,4.4321676727264085,8985,67
2024-01-01 02:01:00,10.0.0.67,POST,403,4.6444070451666875,8413,8
2024-01-01 02:02:00,192.168.1.80,PUT,200,3.92702723543966,7307,44
2024-01-01 02:03:00,192.168.1.128,POST,200,3.890119828442388,4343,19
2024-01-01 02:04:00,192.168.1.87,DELETE,404,4.811471130079239,5209,16
2024-01-01 02:05:00,10.0.0.118,PUT,500,3.5557252225294564,9217,37
2024-01-01 02:06:00,10.0.0.239,POST,404,3.2167811869243197,9052,88
2024-01-01 02:07:00,192.168.1.75,DELETE,403,4.633446408422732,7518,50
2024-01-01 02:08:00,10.0.0.88,POST,404,0.4013762315906414,4397,70
2024-01-01 02:09:00,10.0.0.39,PUT,403,0.43076634404434533,5565,32
2024-01-01 02:10:00,10.0.0.155,GET,403,4.93394434484518,9640,30
2024-01-01 02:11:00,192.168.1.102,GET,403,3.299770928976845,6244,39
2024-01-01 02:12:00,192.168.1.237,PUT,200,4.747809949222949,2294,58
2024-01-01 02:13:00,192.168.1.139,POST,404,2.418892219416503,7494,74
2024-01-01 02:14:00,192.168.1.195,POST,404,1.4267564341814307,3592,91
2024-01-01 02:15:00,10.0.0.128,POST,500,1.6535842116611088,3904,93
2024-01-01 02:16:00,192.168.1.234,PUT,200,1.7289299269764595,4965,55
2024-01-01 02:17:00,10.0.0.18,DELETE,404,1.9691073825633232,3430,23
2024-01-01 02:18:00,10.0.0.69,DELETE,403,1.690332856678682,6654,74
2024-01-01 02:19:00,10.0.0.17,PUT,200,3.9509229844494693,8860,6
2024-01-01 02:20:00,10.0.0.193,POST,200,0.6120505244956335,7345,91
2024-01-01 02:21:00,192.168.1.159,PUT,500,2.465070693083847,8859,21
2024-01-01 02:22:00,192.168.1.32,PUT,200,1.1012759741362073,7721,87
2024-01-01 02:23:00,10.0.0.177,DELETE,500,2.62581215756159,2744,69
2024-01-01 02:24:00,192.168.1.145,GET,404,0.4563709078575775,4777,40
2024-01-01 02:25:00,10.0.0.202,DELETE,404,0.9206280603298724,3745,68
2024-01-01 02:26:00,192.168.1.121,PUT,404,0.9748984258740887,6919,30
2024-01-01 02:27:00,10.0.0.225,GET,500,1.8279619263173286,6523,36
2024-01-01 02:28:00,192.168.1.178,PUT,404,3.058317216707309,5041,12
2024-01-01 02:29:00,192.168.1.124,POST,403,4.751340668295855,2371,22
2024-01-01 02:30:00,192.168.1.52,GET,500,4.731395729197692,3319,70
2024-01-01 02:31:00,192.168.1.223,POST,500,3.8612862356052973,2641,49
2024-01-01 02:32:00,192.168.1.117,DELETE,404,2.92954260818323,3201,74
2024-01-01 02:33:00,192.168.1.107,PUT,200,4.921715174557132,372,6
2024-01-01 02:34:00,10.0.0.79,GET,404,0.8982128736506807,6427,94
2024-01-01 02:35:00,192.168.1.196,GET,404,2.8707948668986005,924,8
2024-01-01 02:36:00,10.0.0.232,GET,500,0.4462634282742123,9563,36
2024-01-01 02:37:00,10.0.0.15,GET,500,2.726533182067609,8411,29
2024-01-01 02:38:00,192.168.1.174,POST,403,2.92190860337917,9891,54
2024-01-01 02:39:00,192.168.1.107,PUT,500,0.34950600964280376,5058,30
2024-01-01 02:40:00,10.0.0.133,POST,500,3.6386892868349747,2662,37
2024-01-01 02:41:00,192.168.1.168,POST,404,3.392413190805533,364,2
2024-01-01 02:42:00,10.0.0.21,POST,500,1.3619809102479725,5669,18
2024-01-01 02:43:00,10.0.0.101,PUT,404,3.7759720930323812,2924,7
2024-01-01 02:44:00,192.168.1.43,PUT,500,1.8559959838016722,7441,82
2024-01-01 02:45:00,192.168.1.229,POST,403,1.5105644141773942,1745,20
2024-01-01 02:46:00,192.168.1.141,GET,403,1.0167692725245419,5441,79
2024-01-01 02:47:00,10.0.0.153,GET,500,1.3866725551368835,4940,62
2024-01-01 02:48:00,10.0.0.72,PUT,403,0.46330932964471827,5427,60
2024-01-01 02:49:00,192.168.1.152,DELETE,404,1.694537165559812,2520,49
2024-01-01 02:50:00,192.168.1.72,DELETE,200,2.7484617024013684,878,78
2024-01-01 02:51:00,10.0.0.199,GET,404,0.2047111884564044,7176,38
2024-01-01 02:52:00,10.0.0.14,POST,404,0.8006898385752605,150,20
2024-01-01 02:53:00,10.0.0.29,DELETE,403,3.1276803277126968,8266,8
2024-01-01 02:54:00,192.168.1.109,PUT,403,3.6209219450249135,7377,95
2024-01-01 02:55:00,192.168.1.33,DELETE,200,4.4477417598538755,1435,41
2024-01-01 02:56:00,192.168.1.93,DELETE,500,4.122721198627369,6024,23
2024-01-01 02:57:00,192.168.1.206,DELETE,404,3.103602590674336,4046,14
2024-01-01 02:58:00,192.168.1.61,GET,404,1.8543471776300713,5814,89
2024-01-01 02:59:00,10.0.0.60,GET,500,1.2997165612295378,3105,18
2024-01-01 03:00:00,192.168.1.244,PUT,500,3.0373114726949124,6744,85
2024-01-01 03:01:00,10.0.0.6,DELETE,403,3.4015073845826547,707,11
2024-01-01 03:02:00,10.0.0.65,DELETE,500,2.9312002872206797,270,48
2024-01-01 03:03:00,10.0.0.51,PUT,500,2.1856015796203225,6041,33
2024-01-01 03:04:00,192.168.1.223,DELETE,200,0.40283765269653893,842,53
2024-01-01 03:05:00,10.0.0.6,GET,500,2.113538858940833,2224,45
2024-01-01 03:06:00,10.0.0.192,DELETE,200,3.811074426222708,5154,86
2024-01-01 03:07:00,10.0.0.21,DELETE,404,1.520733075278598,1851,72
2024-01-01 03:08:00,192.168.1.142,POST,403,3.152698462720431,6633,45
2024-01-01 03:09:00,10.0.0.62,PUT,403,3.7659113712881447,4074,1
2024-01-01 03:10:00,192.168.1.144,POST,200,1.5889424283881928,1162,1
2024-01-01 03:11:00,192.168.1.177,DELETE,404,4.654308178256234,1852,37
2024-01-01 03:12:00,10.0.0.132,DELETE,500,0.5901247643876196,1858,73
2024-01-01 03:13:00,192.168.1.92,POST,403,3.5888609363190707,1704,39
2024-01-01 03:14:00,10.0.0.247,GET,403,2.637810737564372,1127,49
2024-01-01 03:15:00,10.0.0.141,GET,403,4.883566867567205,1087,96
2024-01-01 03:16:00,192.168.1.240,POST,500,3.918100383163789,144,15
2024-01-01 03:17:00,192.168.1.239,PUT,200,4.943347527044287,6589,10
2024-01-01 03:18:00,192.168.1.57,DELETE,200,3.848508532878252,8408,55
2024-01-01 03:19:00,192.168.1.15,DELETE,200,1.0540667509885293,7044,77
2024-01-01 03:20:00,10.0.0.119,PUT,404,4.8525967487505115,1050,58
2024-01-01 03:21:00,10.0.0.96,DELETE,200,0.4837754106183899,635,28
2024-01-01 03:22:00,10.0.0.227,POST,200,4.401224657581002,9404,32
2024-01-01 03:23:00,10.0.0.39,POST,404,1.2907480661138264,4121,82
2024-01-01 03:24:00,10.0.0.39,POST,200,3.7455955778981047,1207,5
2024-01-01 03:25:00,192.168.1.191,DELETE,500,1.2794797150127561,9788,98
2024-01-01 03:26:00,10.0.0.189,DELETE,200,2.7962301530054683,1104,54
2024-01-01 03:27:00,192.168.1.130,PUT,500,1.8704501983473754,1947,96
2024-01-01 03:28:00,192.168.1.114,POST,200,2.365264311090651,1501,6
2024-01-01 03:29:00,10.0.0.113,DELETE,404,4.771362474703917,5057,64
2024-01-01 03:30:00,192.168.1.7,PUT,404,2.84233292656201,6828,46
2024-01-01 03:31:00,192.168.1.115,DELETE,403,2.581728764570458,9039,6
2024-01-01 03:32:00,10.0.0.32,DELETE,404,3.846943417450312,9722,73
2024-01-01 03:33:00,192.168.1.75,DELETE,404,2.629054279721746,1098,74
2024-01-01 03:34:00,10.0.0.247,POST,403,4.021694504595714,5366,32
2024-01-01 03:35:00,192.168.1.249,POST,200,3.6619966769589327,9081,70
2024-01-01 03:36:00,192.168.1.48,POST,200,2.080083493994929,8061,41
2024-01-01 03:37:00,10.0.0.247,GET,404,2.841173566970703,9561,1
2024-01-01 03:38:00,192.168.1.162,GET,403,4.218893869211101,6863,90
2024-01-01 03:39:00,10.0.0.136,PUT,403,0.5595483847049582,4302,41
2024-01-01 03:40:00,10.0.0.72,DELETE,500,3.9978250934497637,5777,34
2024-01-01 03:41:00,192.168.1.110,PUT,404,3.9757643446326276,9180,88
2024-01-01 03:42:00,192.168.1.140,PUT,200,2.6157888422258817,9112,70
2024-01-01 03:43:00,192.168.1.173,PUT,404,4.915519712348979,2191,1
2024-01-01 03:44:00,192.168.1.69,DELETE,500,0.49828447147841803,9029,88
2024-01-01 03:45:00,10.0.0.157,DELETE,200,0.46226078112632385,1516,56
2024-01-01 03:46:00,10.0.0.223,GET,403,0.6471514701860288,4399,66
2024-01-01 03:47:00,192.168.1.179,POST,404,1.4214659851593383,7601,23
2024-01-01 03:48:00,10.0.0.227,POST,500,0.7488970277509275,5053,75
2024-01-01 03:49:00,192.168.1.206,GET,200,1.5522636321304224,3506,94
2024-01-01 03:50:00,192.168.1.158,GET,500,4.895950064966358,1967,50
2024-01-01 03:51:00,192.168.1.30,GET,200,1.5196916468988735,6773,39
2024-01-01 03:52:00,192.168.1.167,POST,500,1.8852459667580452,9302,30
2024-01-01 03:53:00,192.168.1.184,DELETE,200,3.447380951672752,9023,27
2024-01-01 03:54:00,10.0.0.184,DELETE,500,4.694569236863429,8725,47
2024-01-01 03:55:00,10.0.0.8,PUT,200,3.2917209991877283,2457,45
2024-01-01 03:56:00,10.0.0.123,POST,500,3.564035074250261,6636,72
2024-01-01 03:57:00,10.0.0.233,PUT,404,2.6999348625063924,741,97
2024-01-01 03:58:00,10.0.0.123,PUT,500,4.020237108442146,7476,48
2024-01-01 03:59:00,192.168.1.67,PUT,404,2.016452020838825,9328,99
2024-01-01 04:00:00,10.0.0.185,PUT,404,2.7165549273415763,4181,1
2024-01-01 04:01:00,192.168.1.251,GET,500,4.802412906982961,1720,11
2024-01-01 04:02:00,10.0.0.251,DELETE,200,3.0668243751215662,9663,11
2024-01-01 04:03:00,10.0.0.84,PUT,403,1.6051268994223231,3057,57
2024-01-01 04:04:00,10.0.0.149,POST,500,0.9038319720719182,9514,79
2024-01-01 04:05:00,192.168.1.102,GET,404,2.2443002394942284,8116,46
2024-01-01 04:06:00,10.0.0.169,PUT,404,2.3914461845021617,6783,18
2024-01-01 04:07:00,192.168.1.142,POST,404,1.9887558523226199,1918,76
2024-01-01 04:08:00,192.168.1.254,POST,404,1.6624910376991888,2187,42
2024-01-01 04:09:00,10.0.0.37,DELETE,200,4.699093131240156,864,97
2024-01-01 04:10:00,10.0.0.124,GET,200,0.7576488279427347,7371,85
2024-01-01 04:11:00,192.168.1.151,POST,404,3.5952655991067375,483,10
2024-01-01 04:12:00,192.168.1.196,PUT,404,4.039573904757619,3928,38
2024-01-01 04:13:00,192.168.1.151,POST,403,4.271381860614455,4801,49
2024-01-01 04:14:00,192.168.1.30,POST,500,1.1626495877621719,862,59
2024-01-01 04:15:00,192.168.1.66,PUT,500,0.9176055462650252,6862,14
2024-01-01 04:16:00,10.0.0.66,DELETE,403,4.115284930639862,1054,27
2024-01-01 04:17:00,10.0.0.210,DELETE,404,2.1716376664778485,7708,45
2024-01-01 04:18:00,192.168.1.157,GET,200,1.4171825985303903,7229,58
2024-01-01 04:19:00,10.0.0.53,PUT,403,0.9882592449806378,664,92
2024-01-01 04:20:00,10.0.0.253,PUT,500,4.861536242254788,4294,14
2024-01-01 04:21:00,10.0.0.159,DELETE,500,1.2432286755799031,3122,30
2024-01-01 04:22:00,10.0.0.100,PUT,200,2.240613837871963,9282,14
2024-01-01 04:23:00,10.0.0.52,PUT,404,1.8876003263091585,2818,18
2024-01-01 04:24:00,10.0.0.98,GET,404,2.2445996705697753,8381,14
2024-01-01 04:25:00,192.168.1.65,DELETE,500,2.728622004848794,8719,9
2024-01-01 04:26:00,10.0.0.244,PUT,200,4.15641328003521,6017,64
2024-01-01 04:27:00,192.168.1.79,PUT,404,4.576936507307179,8857,21
2024-01-01 04:28:00,192.168.1.11,PUT,403,0.8957212951768094,8881,72
2024-01-01 04:29:00,10.0.0.100,DELETE,403,4.653446950953267,8077,93
2024-01-01 04:30:00,192.168.1.254,GET,500,3.1885939366281,9508,3
2024-01-01 04:31:00,192.168.1.93,DELETE,200,2.3345250041980394,7947,25
2024-01-01 04:32:00,10.0.0.157,PUT,200,2.768927509455082,612,75
2024-01-01 04:33:00,192.168.1.26,POST,200,3.5353515775270785,2727,68
2024-01-01 04:34:00,10.0.0.40,GET,500,2.132544398856727,9006,32
2024-01-01 04:35:00,192.168.1.63,GET,403,3.248161014977259,7933,99
2024-01-01 04:36:00,10.0.0.140,GET,403,0.9788532891415925,7232,93
2024-01-01 04:37:00,192.168.1.185,DELETE,404,4.073777957362114,3866,97
2024-01-01 04:38:00,10.0.0.228,DELETE,404,1.9454020640185827,9626,11
2024-01-01 04:39:00,10.0.0.59,PUT,200,3.7224828627452977,9168,38
2024-01-01 04:40:00,192.168.1.215,POST,403,3.6054725775579906,529,8
2024-01-01 04:41:00,10.0.0.216,PUT,500,4.563255717235813,7799,84
2024-01-01 04:42:00,192.168.1.104,GET,403,1.7950898677657827,8007,25
2024-01-01 04:43:00,192.168.1.145,GET,403,0.1494437704806967,994,93
2024-01-01 04:44:00,10.0.0.252,PUT,500,1.8273337226997144,6249,11
2024-01-01 04:45:00,192.168.1.71,DELETE,500,4.913284427595002,938,91
2024-01-01 04:46:00,192.168.1.48,DELETE,500,4.998792047411314,2223,57
2024-01-01 04:47:00,10.0.0.7,GET,403,2.961856168302944,7249,13
2024-01-01 04:48:00,10.0.0.221,DELETE,200,3.4208407304245467,2813,51
2024-01-01 04:49:00,10.0.0.98,POST,403,1.922631349226636,8577,26
2024-01-01 04:50:00,192.168.1.34,POST,200,3.2870526063534653,9856,15
2024-01-01 04:51:00,10.0.0.198,POST,404,1.5852428418951956,6547,93
2024-01-01 04:52:00,192.168.1.121,POST,403,4.940842567895027,1950,42
2024-01-01 04:53:00,10.0.0.244,POST,200,0.488679107816657,6826,45
2024-01-01 04:54:00,192.168.1.65,PUT,200,4.218367950655251,7273,80
2024-01-01 04:55:00,192.168.1.175,PUT,404,2.072706714203967,5240,40
2024-01-01 04:56:00,192.168.1.158,GET,404,2.2282796850128506,2151,4
2024-01-01 04:57:00,10.0.0.36,GET,403,2.518878395902174,3240,54
2024-01-01 04:58:00,10.0.0.203,POST,403,0.1984575727612241,6690,41
2024-01-01 04:59:00,10.0.0.103,POST,404,3.6130126422889215,1645,68
2024-01-01 05:00:00,192.168.1.162,POST,403,2.2785171701393776,1218,50
2024-01-01 05:01:00,10.0.0.29,GET,403,4.773979019234418,6532,17
2024-01-01 05:02:00,10.0.0.220,PUT,500,4.914890209893539,3970,51
2024-01-01 05:03:00,10.0.0.130,GET,403,3.8056620473536946,9566,45
2024-01-01 05:04:00,192.168.1.232,GET,404,2.236621389606683,7753,32
2024-01-01 05:05:00,10.0.0.59,POST,404,1.523055282928998,4997,77
2024-01-01 05:06:00,10.0.0.37,PUT,200,3.559164816324164,8268,73
2024-01-01 05:07:00,192.168.1.73,GET,403,4.1194706638162835,114,89
2024-01-01 05:08:00,192.168.1.135,PUT,500,4.841175125615524,7700,57
2024-01-01 05:09:00,10.0.0.103,PUT,200,3.8849516254291614,4010,55
2024-01-01 05:10:00,192.168.1.248,PUT,500,3.813652034335821,5514,59
2024-01-01 05:11:00,10.0.0.3,DELETE,500,4.954166630019816,9702,59
2024-01-01 05:12:00,10.0.0.41,POST,404,0.8670509380669741,5138,79
2024-01-01 05:13:00,192.168.1.50,GET,200,0.997613790527837,7090,23
2024-01-01 05:14:00,192.168.1.28,POST,403,1.5588988243268167,9643,53
2024-01-01 05:15:00,10.0.0.124,PUT,403,4.44617076387017,3353,36
2024-01-01 05:16:00,10.0.0.174,DELETE,500,2.8276843163186154,6941,19
2024-01-01 05:17:00,10.0.0.193,POST,500,3.686921728104466,698,40
2024-01-01 05:18:00,10.0.0.48,PUT,404,4.657326253063779,9218,10
2024-01-01 05:19:00,192.168.1.12,GET,500,3.408962156323128,707,57
2024-01-01 05:20:00,192.168.1.188,DELETE,500,4.669445412153044,7824,97
2024-01-01 05:21:00,10.0.0.142,GET,200,1.530818386547597,4582,28
2024-01-01 05:22:00,192.168.1.211,POST,404,4.037644025460136,8341,67
2024-01-01 05:23:00,10.0.0.198,DELETE,404,1.4809858242419183,1203,91
2024-01-01 05:24:00,10.0.0.2,POST,500,3.4898395473884656,7235,50
2024-01-01 05:25:00,192.168.1.162,POST,200,2.601617535625269,5698,47
2024-01-01 05:26:00,192.168.1.152,GET,404,2.4131163791490904,4146,30
2024-01-01 05:27:00,192.168.1.10,POST,500,1.2880385996252501,3652,27
2024-01-01 05:28:00,10.0.0.246,DELETE,200,3.453992884347178,6394,10
2024-01-01 05:29:00,192.168.1.216,POST,404,4.563172620409312,4911,40
2024-01-01 05:30:00,10.0.0.48,POST,403,2.2841622127809735,4862,22
2024-01-01 05:31:00,192.168.1.4,PUT,200,3.502467253383551,3542,91
2024-01-01 05:32:00,192.168.1.1,GET,403,4.1849735800116,631,77
2024-01-01 05:33:00,192.168.1.21,POST,404,2.513062957437125,4590,48
2024-01-01 05:34:00,192.168.1.100,PUT,404,4.163387953701789,591,47
2024-01-01 05:35:00,192.168.1.185,PUT,200,1.6661764977339393,5156,63
2024-01-01 05:36:00,10.0.0.37,DELETE,200,3.655981184035516,5833,13
2024-01-01 05:37:00,192.168.1.106,PUT,403,1.0152681113654343,6820,57
2024-01-01 05:38:00,192.168.1.230,GET,200,4.5946479104395745,697,9
2024-01-01 05:39:00,10.0.0.107,GET,500,3.0828399764132692,6031,96
2024-01-01 05:40:00,10.0.0.218,PUT,403,1.8308608772656092,7742,60
2024-01-01 05:41:00,192.168.1.200,POST,500,1.745442914610837,9861,72
2024-01-01 05:42:00,10.0.0.209,GET,500,0.967033668918474,5989,42
2024-01-01 05:43:00,192.168.1.28,PUT,200,3.390723771196735,4860,22
2024-01-01 05:44:00,10.0.0.79,POST,500,0.1232011091462046,8421,66
2024-01-01 05:45:00,10.0.0.52,POST,200,4.5248737608461145,3495,55
2024-01-01 05:46:00,192.168.1.18,GET,403,4.8176642667915335,1176,18
2024-01-01 05:47:00,10.0.0.40,DELETE,200,3.6805312136866006,8543,87
2024-01-01 05:48:00,192.168.1.103,DELETE,403,0.5864675403403911,7898,10
2024-01-01 05:49:00,10.0.0.58,POST,500,4.715939517108337,678,63
2024-01-01 05:50:00,192.168.1.22,POST,500,4.786259440123332,4016,93
2024-01-01 05:51:00,192.168.1.133,DELETE,403,2.865165199379609,6416,22
2024-01-01 05:52:00,192.168.1.13,GET,403,0.8570147588853912,907,20
2024-01-01 05:53:00,10.0.0.224,DELETE,404,4.264540719626584,7394,24
2024-01-01 05:54:00,192.168.1.235,POST,403,4.9948408694201785,5401,39
2024-01-01 05:55:00,10.0.0.211,GET,500,1.1606732002416762,3059,80
2024-01-01 05:56:00,10.0.0.176,POST,200,0.8488643127734103,9866,52
2024-01-01 05:57:00,192.168.1.253,POST,403,3.7781499683403017,620,61
2024-01-01 05:58:00,10.0.0.22,PUT,404,3.5832463744093186,520,86
2024-01-01 05:59:00,192.168.1.101,DELETE,500,4.07298823626027,445,39
2024-01-01 06:00:00,10.0.0.86,PUT,500,4.67766160666007,7307,98
2024-01-01 06:01:00,10.0.0.12,GET,200,1.5642196887762474,833,56
2024-01-01 06:02:00,192.168.1.239,DELETE,500,1.3468687021045147,5286,81
2024-01-01 06:03:00,10.0.0.90,GET,404,3.5123654425852955,2893,89
2024-01-01 06:04:00,10.0.0.113,POST,500,2.123601566994693,1391,2
2024-01-01 06:05:00,192.168.1.50,DELETE,500,2.966975148018129,805,48
2024-01-01 06:06:00,192.168.1.57,DELETE,403,1.3883449422745178,1928,38
2024-01-01 06:07:00,10.0.0.160,DELETE,404,4.916340516306627,5480,59
2024-01-01 06:08:00,10.0.0.3,GET,404,0.7605430024862089,8393,45
2024-01-01 06:09:00,192.168.1.77,PUT,403,2.426014006358541,768,56
2024-01-01 06:10:00,10.0.0.70,PUT,403,3.393548681010291,4393,55
2024-01-01 06:11:00,10.0.0.191,POST,500,3.66717435062688,8885,80
2024-01-01 06:12:00,192.168.1.149,POST,500,3.0568078548493927,2938,78
2024-01-01 06:13:00,192.168.1.113,GET,200,0.6739214858963066,5045,59
2024-01-01 06:14:00,10.0.0.56,POST,500,0.9767788438945669,6574,80
2024-01-01 06:15:00,192.168.1.249,POST,404,3.3903288763914534,9861,89
2024-01-01 06:16:00,192.168.1.107,GET,200,3.7081388907829806,1675,88
2024-01-01 06:17:00,192.168.1.58,GET,200,3.8564173036205416,1693,70
2024-01-01 06:18:00,10.0.0.77,GET,403,2.113321367254439,411,86
2024-01-01 06:19:00,192.168.1.151,DELETE,404,1.2505690457046998,5318,22
2024-01-01 06:20:00,10.0.0.220,PUT,200,3.461738164373144,1568,69
2024-01-01 06:21:00,192.168.1.242,DELETE,403,0.13625338704827905,3972,92
2024-01-01 06:22:00,192.168.1.93,PUT,403,3.209316084634869,3581,94
2024-01-01 06:23:00,192.168.1.223,POST,403,0.856167296440334,2239,61
2024-01-01 06:24:00,10.0.0.245,GET,500,0.47348070666633046,6267,20
2024-01-01 06:25:00,10.0.0.94,PUT,403,3.083955451945178,4138,69
2024-01-01 06:26:00,192.168.1.71,DELETE,200,1.1699862831058634,4791,20
2024-01-01 06:27:00,192.168.1.184,PUT,403,4.561145851558242,990,79
2024-01-01 06:28:00,192.168.1.91,POST,403,3.115678678172283,4416,6
2024-01-01 06:29:00,192.168.1.62,POST,403,4.338896409954104,4803,39
2024-01-01 06:30:00,192.168.1.239,DELETE,403,1.1106019001397485,3523,11
2024-01-01 06:31:00,10.0.0.202,DELETE,500,4.491057982022353,1235,45
2024-01-01 06:32:00,192.168.1.84,POST,403,0.22206004594550258,4568,84
2024-01-01 06:33:00,10.0.0.27,GET,500,0.5858753068335297,8658,70
2024-01-01 06:34:00,192.168.1.86,PUT,200,0.9993518079254003,4543,12
2024-01-01 06:35:00,10.0.0.53,PUT,200,3.243637722053841,9857,27
2024-01-01 06:36:00,10.0.0.87,POST,500,0.6056030751090191,3062,71
2024-01-01 06:37:00,192.168.1.228,DELETE,500,1.9707767684067246,5814,82
2024-01-01 06:38:00,10.0.0.87,DELETE,200,3.8844848578379603,8663,61
2024-01-01 06:39:00,192.168.1.165,GET,403,4.862852200765294,3190,7
2024-01-01 06:40:00,10.0.0.27,DELETE,500,2.747764818420261,9615,98
2024-01-01 06:41:00,10.0.0.249,GET,200,1.4859727761070864,7427,6
2024-01-01 06:42:00,192.168.1.63,DELETE,403,4.606118062272062,5800,40
2024-01-01 06:43:00,10.0.0.53,POST,403,2.9842132461986632,6695,47
2024-01-01 06:44:00,10.0.0.210,PUT,403,4.969001101902698,5976,80
2024-01-01 06:45:00,192.168.1.38,DELETE,403,3.569636060004382,3329,47
2024-01-01 06:46:00,192.168.1.109,DELETE,500,1.64150644782343,5304,35
2024-01-01 06:47:00,10.0.0.70,PUT,403,3.4860416134546983,8786,99
2024-01-01 06:48:00,192.168.1.221,POST,403,0.8073186827735732,4061,53
2024-01-01 06:49:00,10.0.0.214,GET,403,2.60180028341637,6121,52
2024-01-01 06:50:00,192.168.1.66,POST,404,1.6209500248455844,6230,67
2024-01-01 06:51:00,10.0.0.55,DELETE,500,3.873992307767819,5931,74
2024-01-01 06:52:00,10.0.0.113,PUT,404,0.9586087649617421,1803,94
2024-01-01 06:53:00,192.168.1.226,GET,500,0.1651310606116672,8071,56
2024-01-01 06:54:00,10.0.0.210,PUT,200,1.049802117741604,5336,56
2024-01-01 06:55:00,10.0.0.175,PUT,404,1.6506581384926757,6471,44
2024-01-01 06:56:00,192.168.1.236,PUT,404,2.89092019565382,1975,34
2024-01-01 06:57:00,10.0.0.8,DELETE,200,3.8339230651235163,5850,71
2024-01-01 06:58:00,192.168.1.206,PUT,403,3.556060979103688,6498,1
2024-01-01 06:59:00,10.0.0.181,PUT,403,0.9666711825674558,7731,23
2024-01-01 07:00:00,192.168.1.237,GET,500,1.7385160547614678,7103,17
2024-01-01 07:01:00,10.0.0.124,GET,403,1.8816762273641883,908,7
2024-01-01 07:02:00,10.0.0.177,PUT,403,4.659264974089076,7902,5
2024-01-01 07:03:00,10.0.0.161,POST,200,4.352284547860129,5993,16
2024-01-01 07:04:00,10.0.0.189,POST,200,2.795786982000132,1952,39
2024-01-01 07:05:00,192.168.1.129,GET,500,0.9935953160271762,4538,55
2024-01-01 07:06:00,10.0.0.3,POST,403,4.2700892910211286,3688,39
2024-01-01 07:07:00,10.0.0.153,PUT,404,1.2624451826605116,4705,57
2024-01-01 07:08:00,10.0.0.13,PUT,500,0.9669595163128671,5825,37
2024-01-01 07:09:00,192.168.1.210,PUT,200,4.4783620813524205,9164,99
2024-01-01 07:10:00,192.168.1.224,PUT,404,1.3846785569910802,4568,31
2024-01-01 07:11:00,192.168.1.166,GET,500,2.970305113236386,1682,4
2024-01-01 07:12:00,192.168.1.142,POST,500,2.182158677745097,6889,60
2024-01-01 07:13:00,192.168.1.14,POST,500,2.7527656261101354,8439,87
2024-01-01 07:14:00,192.168.1.155,PUT,200,1.9754037511172942,2596,72
2024-01-01 07:15:00,10.0.0.232,DELETE,500,0.42256244677673793,2886,95
2024-01-01 07:16:00,10.0.0.207,DELETE,403,0.5040238366490006,4147,70
2024-01-01 07:17:00,10.0.0.190,GET,200,1.6049162472690617,3590,41
2024-01-01 07:18:00,10.0.0.27,PUT,500,2.9817221163563548,7842,45
2024-01-01 07:19:00,192.168.1.12,PUT,403,3.448523359021291,2027,39
2024-01-01 07:20:00,10.0.0.197,PUT,200,4.652419238459726,966,54
2024-01-01 07:21:00,192.168.1.156,GET,500,2.572494686268129,4625,63
2024-01-01 07:22:00,192.168.1.178,DELETE,403,0.5621699115224336,8356,90
2024-01-01 07:23:00,10.0.0.22,POST,200,4.502702005089032,8667,19
2024-01-01 07:24:00,192.168.1.133,POST,403,2.9649665294767553,6208,38
2024-01-01 07:25:00,10.0.0.57,PUT,403,1.3583284887872324,7733,58
2024-01-01 07:26:00,192.168.1.210,GET,200,3.7705484610688518,4334,67
2024-01-01 07:27:00,10.0.0.247,DELETE,403,3.2113831184091968,3157,86
2024-01-01 07:28:00,10.0.0.31,GET,200,3.3671863983151553,2325,85
2024-01-01 07:29:00,10.0.0.74,DELETE,500,0.8892824806653529,8715,78
2024-01-01 07:30:00,192.168.1.175,GET,403,2.2766242101407848,2015,25
2024-01-01 07:31:00,192.168.1.223,PUT,500,0.5625797691516651,4482,39
2024-01-01 07:32:00,10.0.0.113,POST,500,1.2635886267250491,4628,59
2024-01-01 07:33:00,10.0.0.119,GET,500,2.172297070798117,4941,48
2024-01-01 07:34:00,10.0.0.12,GET,404,1.9097022124975311,5942,72
2024-01-01 07:35:00,10.0.0.88,DELETE,403,1.9468824378777365,2833,60
2024-01-01 07:36:00,10.0.0.61,PUT,500,4.301426264181816,3716,85
2024-01-01 07:37:00,192.168.1.89,POST,500,3.9801880679980313,832,46
2024-01-01 07:38:00,192.168.1.15,PUT,403,4.8276632089464,2204,25
2024-01-01 07:39:00,10.0.0.134,PUT,403,4.654794535311744,4682,84
2024-01-01 07:40:00,192.168.1.34,DELETE,403,1.3726242830340785,7280,85
2024-01-01 07:41:00,192.168.1.172,GET,500,1.7803417572131601,4656,18
2024-01-01 07:42:00,10.0.0.132,PUT,404,2.1539533489173044,9965,71
2024-01-01 07:43:00,10.0.0.203,GET,500,1.764937294954722,9291,37
2024-01-01 07:44:00,192.168.1.26,POST,200,4.465343772653367,2956,98
2024-01-01 07:45:00,10.0.0.201,POST,404,0.3467775031512412,2677,88
2024-01-01 07:46:00,192.168.1.247,GET,200,2.885079022739489,6677,51
2024-01-01 07:47:00,10.0.0.97,PUT,404,4.606356080174167,3334,43
2024-01-01 07:48:00,10.0.0.39,GET,403,4.492860142400138,5307,97
2024-01-01 07:49:00,10.0.0.183,DELETE,200,4.982301367125027,882,65
2024-01-01 07:50:00,10.0.0.51,PUT,404,3.313905847389358,1053,60
2024-01-01 07:51:00,192.168.1.127,PUT,200,2.955406683824176,851,50
2024-01-01 07:52:00,10.0.0.178,DELETE,500,3.65365778513429,9164,32
2024-01-01 07:53:00,192.168.1.127,POST,404,4.5689524732607865,113,80
2024-01-01 07:54:00,10.0.0.254,DELETE,500,0.8967708496053498,2494,45
2024-01-01 07:55:00,192.168.1.70,DELETE,403,3.554570269712151,6504,57
2024-01-01 07:56:00,10.0.0.83,PUT,404,4.3246101820261815,8193,14
2024-01-01 07:57:00,10.0.0.216,POST,404,4.323059686516811,1704,82
2024-01-01 07:58:00,192.168.1.172,PUT,403,4.768080939716216,6786,40
2024-01-01 07:59:00,192.168.1.104,PUT,200,0.8284172384989724,8947,47
2024-01-01 08:00:00,192.168.1.191,GET,500,3.5190515787145498,7462,92
2024-01-01 08:01:00,192.168.1.116,PUT,200,0.396911874339408,2791,80
2024-01-01 08:02:00,10.0.0.139,DELETE,403,1.720856579551092,5551,95
2024-01-01 08:03:00,10.0.0.114,GET,404,3.481484866815274,4661,18
2024-01-01 08:04:00,192.168.1.167,POST,500,2.0501153528072287,1324,64
2024-01-01 08:05:00,192.168.1.235,GET,403,4.4242822263497645,833,23
2024-01-01 08:06:00,192.168.1.29,POST,404,0.2923513136753827,7884,51
2024-01-01 08:07:00,192.168.1.95,PUT,200,3.9203191327546176,1808,17
2024-01-01 08:08:00,10.0.0.145,DELETE,404,2.843935813848747,7168,60
2024-01-01 08:09:00,10.0.0.63,GET,500,3.481327647662126,5084,7
2024-01-01 08:10:00,192.168.1.179,POST,404,4.786072833244335,6812,23
2024-01-01 08:11:00,192.168.1.128,DELETE,200,3.0311482531058087,6537,9
2024-01-01 08:12:00,192.168.1.241,POST,200,1.5434045235466718,8190,78
2024-01-01 08:13:00,192.168.1.162,DELETE,403,0.41426622748477027,2140,27
2024-01-01 08:14:00,192.168.1.86,POST,200,4.533901775295428,2181,38
2024-01-01 08:15:00,10.0.0.147,DELETE,404,2.5192505036754076,457,30
2024-01-01 08:16:00,192.168.1.198,GET,404,2.4903888342986105,9991,48
2024-01-01 08:17:00,192.168.1.38,DELETE,403,4.817134960774685,3700,65
2024-01-01 08:18:00,192.168.1.29,PUT,200,4.737307521810571,5601,10
2024-01-01 08:19:00,10.0.0.89,DELETE,403,2.515054646918611,6110,56
2024-01-01 08:20:00,192.168.1.125,POST,200,1.873148150860169,2012,39
2024-01-01 08:21:00,192.168.1.62,DELETE,500,1.1003590455347367,7642,60
2024-01-01 08:22:00,192.168.1.226,DELETE,404,0.16886040145810055,361,24
2024-01-01 08:23:00,10.0.0.255,PUT,404,1.2688587750593423,1148,68
2024-01-01 08:24:00,192.168.1.43,PUT,403,4.49942652746909,3968,96
2024-01-01 08:25:00,10.0.0.240,PUT,403,0.8883477713489623,3297,48
2024-01-01 08:26:00,10.0.0.65,POST,500,3.6859215616811403,5429,34
2024-01-01 08:27:00,10.0.0.61,DELETE,404,1.1284678932866603,4400,36
2024-01-01 08:28:00,192.168.1.213,PUT,200,4.175687512159973,7837,25
2024-01-01 08:29:00,10.0.0.121,POST,404,3.1931353173040855,8016,88
2024-01-01 08:30:00,10.0.0.66,PUT,200,1.6742659237410071,8275,15
2024-01-01 08:31:00,192.168.1.90,GET,403,0.9076892466307803,3854,66
2024-01-01 08:32:00,192.168.1.230,DELETE,403,2.28758785602102,4424,93
2024-01-01 08:33:00,10.0.0.142,POST,403,2.293323593792687,4607,85
2024-01-01 08:34:00,192.168.1.255,GET,500,2.7783187928630597,1064,28
2024-01-01 08:35:00,192.168.1.207,PUT,500,0.742984957844673,5575,19
2024-01-01 08:36:00,192.168.1.181,GET,404,3.194965136580785,7761,41
2024-01-01 08:37:00,10.0.0.82,DELETE,500,4.538115424095757,2227,55
2024-01-01 08:38:00,10.0.0.10,POST,500,0.9905423849790914,5482,71
2024-01-01 08:39:00,192.168.1.1,PUT,200,2.347578824928645,8092,14
2024-01-01 08:40:00,192.168.1.154,DELETE,500,3.741367987604324,2704,66
2024-01-01 08:41:00,192.168.1.32,DELETE,500,4.179380478638324,1507,28
2024-01-01 08:42:00,10.0.0.239,GET,404,0.9054169373565353,8451,81
2024-01-01 08:43:00,10.0.0.157,PUT,500,4.715148974136069,1771,68
2024-01-01 08:44:00,10.0.0.193,DELETE,500,4.030797164460605,5035,88
2024-01-01 08:45:00,192.168.1.125,PUT,500,3.0829389274860177,5683,36
2024-01-01 08:46:00,192.168.1.64,DELETE,200,0.1794909282085536,5186,56
2024-01-01 08:47:00,192.168.1.52,DELETE,200,0.19202323565274326,1535,82
2024-01-01 08:48:00,10.0.0.116,POST,500,2.076434779729838,8707,50
2024-01-01 08:49:00,192.168.1.9,GET,404,4.92505955868822,789,60
2024-01-01 08:50:00,192.168.1.27,POST,200,3.001044710093771,4103,41
2024-01-01 08:51:00,192.168.1.1,POST,403,1.4395446218476875,9409,79
2024-01-01 08:52:00,10.0.0.40,PUT,404,2.1354454578998996,5365,49
2024-01-01 08:53:00,192.168.1.236,GET,200,4.4327934956034385,6711,87
2024-01-01 08:54:00,10.0.0.11,GET,404,0.8815004531150904,9990,62
2024-01-01 08:55:00,10.0.0.191,POST,500,2.8918928399973125,290,46
2024-01-01 08:56:00,10.0.0.73,DELETE,200,2.3722640922150657,8374,87
2024-01-01 08:57:00,10.0.0.202,GET,500,1.359098766336799,6432,21
2024-01-01 08:58:00,192.168.1.215,DELETE,404,4.576659971296555,242,38
2024-01-01 08:59:00,10.0.0.102,GET,403,1.0255405932261616,3351,82
2024-01-01 09:00:00,192.168.1.231,GET,403,4.274978228998262,6356,57
2024-01-01 09:01:00,192.168.1.84,POST,404,4.431770471264578,1945,66
2024-01-01 09:02:00,192.168.1.14,POST,200,1.115002620526926,4568,6
2024-01-01 09:03:00,10.0.0.45,PUT,500,0.7190085329483779,4363,61
2024-01-01 09:04:00,10.0.0.229,GET,403,0.30400732133946584,5673,84
2024-01-01 09:05:00,192.168.1.59,PUT,404,1.1701249737978046,2310,1
2024-01-01 09:06:00,192.168.1.221,PUT,404,0.957205675258937,9960,71
2024-01-01 09:07:00,10.0.0.69,POST,404,1.261105167607189,2317,61
2024-01-01 09:08:00,10.0.0.129,PUT,200,2.5744980681839826,7831,15
2024-01-01 09:09:00,192.168.1.34,PUT,404,1.3664631364570017,1428,69
2024-01-01 09:10:00,192.168.1.33,PUT,403,3.93548543604108,9855,22
2024-01-01 09:11:00,192.168.1.163,PUT,403,1.4762119443826727,4061,75
2024-01-01 09:12:00,192.168.1.242,POST,500,4.695461495133493,6526,83
2024-01-01 09:13:00,10.0.0.3,GET,403,4.905675325547772,1729,18
2024-01-01 09:14:00,10.0.0.56,POST,200,1.2503506746470074,9939,12
2024-01-01 09:15:00,10.0.0.145,GET,200,0.6919471729443505,5818,60
2024-01-01 09:16:00,192.168.1.181,POST,404,1.9896434631762976,2923,73
2024-01-01 09:17:00,10.0.0.125,DELETE,403,0.8427716163528832,7035,25
2024-01-01 09:18:00,192.168.1.106,DELETE,500,1.3012877860303353,3822,13
2024-01-01 09:19:00,10.0.0.113,POST,500,4.727714505196185,3616,90
2024-01-01 09:20:00,10.0.0.30,GET,500,0.40697408429596704,7178,67
2024-01-01 09:21:00,192.168.1.139,POST,404,0.7954949389292909,4344,96
2024-01-01 09:22:00,10.0.0.138,POST,404,2.6960216272372874,9057,48
2024-01-01 09:23:00,192.168.1.38,PUT,403,3.9671155275772123,5743,41
2024-01-01 09:24:00,192.168.1.11,GET,404,1.8920755734194201,3804,71
2024-01-01 09:25:00,192.168.1.1,PUT,200,3.162943159300923,6957,84
2024-01-01 09:26:00,10.0.0.88,POST,500,0.9235645212994026,9185,8
2024-01-01 09:27:00,10.0.0.166,POST,404,2.5503592904732546,4214,7
2024-01-01 09:28:00,10.0.0.11,POST,200,1.1329321574873294,2681,81
2024-01-01 09:29:00,192.168.1.124,DELETE,500,4.451583696161586,5758,31
2024-01-01 09:30:00,192.168.1.225,GET,404,3.7955481556784916,2047,63
2024-01-01 09:31:00,192.168.1.210,PUT,200,2.6461193617727687,333,71
2024-01-01 09:32:00,192.168.1.77,PUT,404,3.787197866777993,5060,10
2024-01-01 09:33:00,10.0.0.114,GET,200,3.014781314047727,8387,39
2024-01-01 09:34:00,10.0.0.248,POST,500,0.595013012089892,5301,60
2024-01-01 09:35:00,192.168.1.41,GET,200,3.999712928444773,2020,90
2024-01-01 09:36:00,10.0.0.109,PUT,500,4.7938659762284,9219,3
2024-01-01 09:37:00,192.168.1.182,DELETE,403,1.5903006193411342,1099,79
2024-01-01 09:38:00,10.0.0.49,PUT,200,2.6975334254022543,6162,18
2024-01-01 09:39:00,192.168.1.232,POST,403,2.733885821720867,4967,2
2024-01-01 09:40:00,10.0.0.236,GET,200,0.2921209643003527,6001,67
2024-01-01 09:41:00,192.168.1.251,PUT,404,0.4392247082674413,3604,69
2024-01-01 09:42:00,192.168.1.84,DELETE,200,3.49832246598556,3993,94
2024-01-01 09:43:00,10.0.0.184,POST,200,3.7662690928454623,7424,5
2024-01-01 09:44:00,192.168.1.126,PUT,404,2.172023418649497,3278,42
2024-01-01 09:45:00,10.0.0.130,GET,403,0.16597654878975407,3959,9
2024-01-01 09:46:00,192.168.1.249,POST,404,3.286036738170625,9787,65
2024-01-01 09:47:00,192.168.1.38,GET,200,2.810631165621042,9598,16
2024-01-01 09:48:00,192.168.1.187,PUT,404,2.126706992373424,7811,8
2024-01-01 09:49:00,192.168.1.180,DELETE,500,3.598352723722015,6388,45
2024-01-01 09:50:00,10.0.0.33,DELETE,403,3.6349258848260075,5159,16
2024-01-01 09:51:00,10.0.0.78,GET,403,4.696213182760398,530,46
2024-01-01 09:52:00,192.168.1.68,DELETE,500,0.49266692918330246,9167,49
2024-01-01 09:53:00,192.168.1.141,GET,404,3.7627127581721873,5459,83
2024-01-01 09:54:00,192.168.1.38,GET,403,2.1450550290940646,2514,55
2024-01-01 09:55:00,192.168.1.198,PUT,500,4.910488330679745,5172,36
2024-01-01 09:56:00,192.168.1.192,POST,403,2.3120624967223167,7808,75
2024-01-01 09:57:00,192.168.1.239,POST,500,0.7086765851082395,5790,30
2024-01-01 09:58:00,10.0.0.191,DELETE,200,3.5463755887942368,8708,32
2024-01-01 09:59:00,192.168.1.133,POST,200,3.002426336476411,3134,16
2024-01-01 10:00:00,10.0.0.69,POST,404,4.3529207186774155,572,90
2024-01-01 10:01:00,192.168.1.207,DELETE,500,4.516814382965251,8538,80
2024-01-01 10:02:00,10.0.0.167,GET,404,1.774183564180639,9022,47
2024-01-01 10:03:00,10.0.0.9,POST,500,1.885153114625125,3718,16
2024-01-01 10:04:00,192.168.1.206,POST,403,2.229477070377745,1802,75
2024-01-01 10:05:00,10.0.0.69,PUT,500,1.986470525479648,3172,86
2024-01-01 10:06:00,10.0.0.198,PUT,404,1.9707615430176437,8994,96
2024-01-01 10:07:00,192.168.1.30,PUT,500,4.610183587053998,1388,73
2024-01-01 10:08:00,10.0.0.182,PUT,404,4.5184204096317755,5189,4
2024-01-01 10:09:00,192.168.1.13,DELETE,403,0.18470487570783717,6254,13
2024-01-01 10:10:00,10.0.0.81,PUT,500,2.233579444798987,7926,29
2024-01-01 10:11:00,10.0.0.24,POST,200,1.409120676912061,702,23
2024-01-01 10:12:00,10.0.0.12,GET,403,1.6816240016080843,3757,73
2024-01-01 10:13:00,10.0.0.8,GET,403,3.9623936205423593,8042,56
2024-01-01 10:14:00,192.168.1.112,GET,500,4.31102085155524,8117,17
2024-01-01 10:15:00,192.168.1.205,PUT,403,2.115505534097542,8562,75
2024-01-01 10:16:00,10.0.0.123,GET,403,2.575356998157682,9729,18
2024-01-01 10:17:00,10.0.0.18,GET,200,3.379837284890545,5969,60
2024-01-01 10:18:00,192.168.1.43,GET,404,4.105124316044912,7855,88
2024-01-01 10:19:00,192.168.1.108,PUT,500,1.3855641554121794,5302,98
2024-01-01 10:20:00,10.0.0.34,GET,200,1.547450632170849,5098,30
2024-01-01 10:21:00,192.168.1.52,POST,200,4.38037225496768,3561,61
2024-01-01 10:22:00,10.0.0.5,PUT,403,1.0763535599131169,4058,93
2024-01-01 10:23:00,192.168.1.26,PUT,403,3.4225483075053535,796,70
2024-01-01 10:24:00,10.0.0.144,GET,403,2.380072661878086,307,21
2024-01-01 10:25:00,192.168.1.129,DELETE,200,3.1745215765247687,5774,55
2024-01-01 10:26:00,192.168.1.229,DELETE,200,3.524936509500714,920,48
2024-01-01 10:27:00,192.168.1.178,PUT,403,3.660524038904719,5176,27
2024-01-01 10:28:00,10.0.0.193,GET,404,3.853937974597757,6230,43
2024-01-01 10:29:00,192.168.1.83,POST,500,4.26888600282804,248,30
2024-01-01 10:30:00,192.168.1.236,PUT,500,2.6420415062225615,6155,63
2024-01-01 10:31:00,192.168.1.238,GET,500,3.8326880485485493,1141,24
2024-01-01 10:32:00,192.168.1.195,POST,500,3.723290406215914,5796,44
2024-01-01 10:33:00,192.168.1.66,GET,200,2.665972827964144,3800,35
2024-01-01 10:34:00,192.168.1.2,POST,403,3.7348481341862834,1764,37
2024-01-01 10:35:00,192.168.1.104,PUT,403,3.882842829024542,9040,32
2024-01-01 10:36:00,192.168.1.229,PUT,404,1.3510239407037499,510,79
2024-01-01 10:37:00,10.0.0.79,GET,403,0.4822603805807202,559,8
2024-01-01 10:38:00,192.168.1.75,GET,500,2.921311694197288,8365,40
2024-01-01 10:39:00,10.0.0.115,GET,200,0.7689249660850965,6751,39
2024-01-01 10:40:00,192.168.1.243,POST,403,4.918836265483801,2031,22
2024-01-01 10:41:00,10.0.0.220,POST,200,1.1763935463865778,354,13
2024-01-01 10:42:00,192.168.1.250,GET,403,1.180184853062491,253,71
2024-01-01 10:43:00,10.0.0.196,GET,200,1.863662018313711,6224,72
2024-01-01 10:44:00,10.0.0.105,DELETE,403,0.22779528710231323,8138,48
2024-01-01 10:45:00,192.168.1.128,GET,500,2.9412095406582592,3578,74
2024-01-01 10:46:00,192.168.1.103,POST,404,4.086364198896123,1776,90
2024-01-01 10:47:00,192.168.1.63,PUT,200,4.728582127250485,8579,77
2024-01-01 10:48:00,192.168.1.220,GET,404,4.338187192230061,4831,70
2024-01-01 10:49:00,10.0.0.60,PUT,500,3.7561967269212087,1289,78
2024-01-01 10:50:00,10.0.0.137,DELETE,404,2.053284740660207,454,7
2024-01-01 10:51:00,10.0.0.55,GET,403,3.759593432085683,4024,67
2024-01-01 10:52:00,10.0.0.141,PUT,404,2.009413965033012,6232,71
2024-01-01 10:53:00,192.168.1.118,GET,500,2.9652585845941934,9896,80
2024-01-01 10:54:00,192.168.1.142,DELETE,404,2.7347101128549176,4012,44
2024-01-01 10:55:00,10.0.0.112,GET,404,0.4047354886662683,4027,8
2024-01-01 10:56:00,192.168.1.15,GET,404,4.6158323355768855,8078,74
2024-01-01 10:57:00,10.0.0.168,GET,404,2.9371328251468323,2496,59
2024-01-01 10:58:00,10.0.0.154,GET,200,4.283859300921057,5688,60
2024-01-01 10:59:00,10.0.0.233,PUT,404,3.27346274683178,4390,69
2024-01-01 11:00:00,192.168.1.166,DELETE,200,4.290842032397472,7513,1
2024-01-01 11:01:00,192.168.1.193,PUT,403,1.4185623435759587,7002,70
2024-01-01 11:02:00,10.0.0.180,GET,500,0.8195490319348409,7952,7
2024-01-01 11:03:00,192.168.1.186,PUT,404,2.6074100951831203,6540,55
2024-01-01 11:04:00,192.168.1.21,DELETE,200,3.5815027425306347,1909,54
2024-01-01 11:05:00,10.0.0.207,PUT,403,2.6516283731485664,4586,93
2024-01-01 11:06:00,192.168.1.222,POST,404,4.288339263455581,3266,8
2024-01-01 11:07:00,10.0.0.96,DELETE,404,0.8473135076948791,6713,5
2024-01-01 11:08:00,10.0.0.231,PUT,404,4.054573348494011,8062,32
2024-01-01 11:09:00,10.0.0.61,GET,403,3.604165685407444,1593,86
2024-01-01 11:10:00,10.0.0.105,PUT,200,3.055567727890602,5037,45
2024-01-01 11:11:00,192.168.1.243,PUT,404,3.5352313599277823,1289,96
2024-01-01 11:12:00,10.0.0.171,POST,500,1.8881011278119106,1319,32
2024-01-01 11:13:00,192.168.1.218,POST,200,4.343930550827625,9168,48
2024-01-01 11:14:00,10.0.0.106,PUT,404,0.2521878841082507,3868,56
2024-01-01 11:15:00,10.0.0.152,PUT,200,3.2347501895046826,8181,94
2024-01-01 11:16:00,10.0.0.59,GET,500,2.8204124724573325,7465,27
2024-01-01 11:17:00,10.0.0.220,POST,500,4.036148436755995,6608,87
2024-01-01 11:18:00,192.168.1.159,PUT,200,2.6451278168289414,1663,10
2024-01-01 11:19:00,10.0.0.215,GET,404,4.724193280772508,2708,72
2024-01-01 11:20:00,10.0.0.214,POST,500,3.4843069345906907,3841,34
2024-01-01 11:21:00,10.0.0.178,PUT,200,4.647758500582774,4036,62
2024-01-01 11:22:00,192.168.1.164,DELETE,403,2.8804809400180504,5116,64
2024-01-01 11:23:00,192.168.1.192,PUT,500,1.3644935725708947,9230,15
2024-01-01 11:24:00,10.0.0.95,GET,404,0.7094649590194239,9673,77
2024-01-01 11:25:00,10.0.0.60,PUT,404,2.442756712727777,9825,52
2024-01-01 11:26:00,192.168.1.174,PUT,403,3.3994475221450933,9483,88
2024-01-01 11:27:00,10.0.0.186,POST,404,3.4379182448676384,1070,94
2024-01-01 11:28:00,192.168.1.68,DELETE,500,2.0576492990092676,3630,31
2024-01-01 11:29:00,10.0.0.36,PUT,403,1.266907644613151,5490,78
2024-01-01 11:30:00,10.0.0.118,POST,403,0.8068448520754969,7428,45
2024-01-01 11:31:00,192.168.1.82,GET,404,4.097046521880914,7055,85
2024-01-01 11:32:00,192.168.1.113,GET,200,0.40085991205746696,6278,44
2024-01-01 11:33:00,192.168.1.47,GET,404,0.46094944681391237,6720,81
2024-01-01 11:34:00,192.168.1.127,DELETE,404,0.31182023009608506,3620,21
2024-01-01 11:35:00,192.168.1.33,POST,500,2.8630968556844496,4150,37
2024-01-01 11:36:00,10.0.0.43,GET,404,3.28498950103076,4180,77
2024-01-01 11:37:00,192.168.1.207,PUT,403,2.6401120927488853,8008,96
2024-01-01 11:38:00,10.0.0.86,DELETE,404,1.7708530359169892,7056,93
2024-01-01 11:39:00,192.168.1.101,POST,403,4.019401711311952,1379,9
2024-01-01 11:40:00,10.0.0.124,GET,403,4.843873212655824,3602,7
2024-01-01 11:41:00,192.168.1.243,DELETE,200,1.423216692747077,4044,60
2024-01-01 11:42:00,192.168.1.127,POST,500,4.023059515380788,7179,11
2024-01-01 11:43:00,10.0.0.51,GET,404,2.0477639356592734,1025,22
2024-01-01 11:44:00,192.168.1.105,GET,404,1.4864959878517496,2456,1
2024-01-01 11:45:00,192.168.1.113,PUT,500,2.942962762170102,4738,32
2024-01-01 11:46:00,192.168.1.80,GET,404,3.1611836981528625,9571,49
2024-01-01 11:47:00,192.168.1.23,DELETE,404,1.9141484380388263,1511,12
2024-01-01 11:48:00,10.0.0.219,POST,200,3.01693065924623,8073,17
2024-01-01 11:49:00,10.0.0.231,GET,500,2.217848338128917,5664,71
2024-01-01 11:50:00,192.168.1.172,POST,200,3.7974421980373894,8056,29
2024-01-01 11:51:00,192.168.1.108,POST,500,4.610449087452415,2818,28
2024-01-01 11:52:00,192.168.1.123,GET,403,3.8703667884154163,5658,11
2024-01-01 11:53:00,192.168.1.140,PUT,404,4.916475004301113,9381,2
2024-01-01 11:54:00,192.168.1.34,PUT,403,4.675756061087353,3700,61
2024-01-01 11:55:00,10.0.0.149,GET,403,1.0443753348722222,6642,66
2024-01-01 11:56:00,10.0.0.102,DELETE,403,4.033025231323731,4312,1
2024-01-01 11:57:00,10.0.0.90,DELETE,500,0.7548182734605451,577,65
2024-01-01 11:58:00,10.0.0.204,PUT,500,2.302914981007133,6943,34
2024-01-01 11:59:00,192.168.1.19,PUT,500,2.8377426307683105,6138,93
2024-01-01 12:00:00,10.0.0.132,GET,200,4.515989466261356,713,71
2024-01-01 12:01:00,10.0.0.3,PUT,403,0.6395781688458171,6883,43
2024-01-01 12:02:00,192.168.1.172,PUT,404,4.642562628680526,5823,18
2024-01-01 12:03:00,192.168.1.248,DELETE,404,0.45047872062554806,8239,49
2024-01-01 12:04:00,192.168.1.95,POST,500,0.11961831180377222,5106,34
2024-01-01 12:05:00,192.168.1.61,DELETE,403,4.7981360169162635,1270,7
2024-01-01 12:06:00,10.0.0.58,GET,404,1.9670406664482631,7776,97
2024-01-01 12:07:00,10.0.0.22,POST,500,4.70889590759642,4917,87
2024-01-01 12:08:00,10.0.0.146,PUT,403,4.463541118459517,4798,46
2024-01-01 12:09:00,10.0.0.205,PUT,500,4.647896041789588,2943,89
2024-01-01 12:10:00,10.0.0.120,PUT,200,0.7032935661353688,5681,96
2024-01-01 12:11:00,10.0.0.224,GET,404,1.8342731820128866,5068,8
2024-01-01 12:12:00,192.168.1.36,DELETE,500,3.911942544929868,8979,90
2024-01-01 12:13:00,10.0.0.3,DELETE,403,1.5494185756432395,1069,92
2024-01-01 12:14:00,10.0.0.219,DELETE,404,3.381000462517384,9964,12
2024-01-01 12:15:00,10.0.0.35,POST,403,2.7313944371358465,963,64
2024-01-01 12:16:00,192.168.1.5,PUT,500,3.2477282112546764,5291,58
2024-01-01 12:17:00,10.0.0.242,PUT,500,2.6129668466683125,9618,90
2024-01-01 12:18:00,192.168.1.244,PUT,200,3.061659621540065,8315,17
2024-01-01 12:19:00,192.168.1.133,POST,404,1.2946803751297944,1897,76
2024-01-01 12:20:00,10.0.0.248,DELETE,200,0.866349036486635,6115,27
2024-01-01 12:21:00,10.0.0.191,GET,500,3.2000179761098106,8548,15
2024-01-01 12:22:00,192.168.1.200,PUT,404,4.221396535191688,8254,76
2024-01-01 12:23:00,10.0.0.155,DELETE,500,0.26722066237757713,7888,35
2024-01-01 12:24:00,10.0.0.31,GET,404,1.9957316849469435,2733,34
2024-01-01 12:25:00,10.0.0.186,DELETE,200,1.481592684856812,8878,62
2024-01-01 12:26:00,192.168.1.248,POST,404,1.8700496471787187,3425,47
2024-01-01 12:27:00,10.0.0.191,PUT,403,0.2505480184235456,4467,39
2024-01-01 12:28:00,192.168.1.147,DELETE,500,4.862176493134939,1556,55
2024-01-01 12:29:00,10.0.0.255,DELETE,403,3.9645846339756146,1376,4
2024-01-01 12:30:00,10.0.0.62,DELETE,500,4.797209481408057,6323,77
2024-01-01 12:31:00,192.168.1.20,DELETE,403,1.4696730982233037,1888,12
2024-01-01 12:32:00,192.168.1.168,POST,403,1.9928569836638061,4437,51
2024-01-01 12:33:00,192.168.1.6,DELETE,403,4.948519572279674,8110,49
2024-01-01 12:34:00,192.168.1.100,POST,403,4.827177458595807,2351,80
2024-01-01 12:35:00,10.0.0.25,DELETE,200,0.1540334523600913,5692,86
2024-01-01 12:36:00,192.168.1.100,PUT,403,4.0287756265388674,9964,48
2024-01-01 12:37:00,10.0.0.205,GET,404,4.836193440786264,5373,29
2024-01-01 12:38:00,10.0.0.22,PUT,404,4.227159381821684,8581,59
2024-01-01 12:39:00,10.0.0.169,GET,404,4.030976941254713,7271,19
2024-01-01 12:40:00,192.168.1.218,GET,200,4.1175786148795845,8612,6
2024-01-01 12:41:00,10.0.0.124,DELETE,200,4.243605632596042,4040,61
2024-01-01 12:42:00,192.168.1.151,PUT,403,3.110630328271774,3933,77
2024-01-01 12:43:00,192.168.1.105,DELETE,404,3.8369139389643037,416,97
2024-01-01 12:44:00,192.168.1.155,POST,403,3.621232122721283,5067,55
2024-01-01 12:45:00,192.168.1.240,PUT,404,4.554477960227057,7615,95
2024-01-01 12:46:00,10.0.0.246,DELETE,403,3.1671588017288315,2747,68
2024-01-01 12:47:00,192.168.1.246,POST,500,2.6416351625672205,2209,92
2024-01-01 12:48:00,10.0.0.241,DELETE,500,4.090832411198604,2674,82
2024-01-01 12:49:00,10.0.0.242,GET,404,2.578594908104692,2107,61
2024-01-01 12:50:00,10.0.0.49,DELETE,403,0.2482576916909856,6247,57
2024-01-01 12:51:00,192.168.1.77,GET,403,4.36180683390701,9067,35
2024-01-01 12:52:00,192.168.1.75,POST,200,4.401592673091047,4329,66
2024-01-01 12:53:00,192.168.1.182,DELETE,404,1.3255410247807597,1759,65
2024-01-01 12:54:00,10.0.0.128,PUT,404,4.53543604210668,5219,39
2024-01-01 12:55:00,192.168.1.17,POST,500,3.417457004517595,6246,99
2024-01-01 12:56:00,10.0.0.35,PUT,404,4.114373327525407,9890,42
2024-01-01 12:57:00,10.0.0.123,POST,403,3.668851918752247,7993,11
2024-01-01 12:58:00,192.168.1.181,GET,403,2.952561537909341,5788,72
2024-01-01 12:59:00,10.0.0.197,POST,200,1.69980197248219,333,71
2024-01-01 13:00:00,10.0.0.63,PUT,404,3.10900109140921,6001,67
2024-01-01 13:01:00,192.168.1.128,POST,500,0.12441185492373494,214,39
2024-01-01 13:02:00,192.168.1.32,POST,404,0.14486325804484596,6124,38
2024-01-01 13:03:00,10.0.0.37,GET,403,3.598581679872928,4804,40
2024-01-01 13:04:00,192.168.1.227,PUT,404,1.7449982642920014,9464,26
2024-01-01 13:05:00,192.168.1.154,DELETE,500,1.933772033199425,5769,92
2024-01-01 13:06:00,10.0.0.205,PUT,500,4.407730354344283,5983,39
2024-01-01 13:07:00,192.168.1.112,DELETE,500,0.12682715370450107,4396,51
2024-01-01 13:08:00,10.0.0.38,POST,404,0.42215431508166956,5151,35
2024-01-01 13:09:00,10.0.0.129,DELETE,500,1.200843037325825,2235,65
2024-01-01 13:10:00,10.0.0.215,GET,404,3.848927803767583,6298,41
2024-01-01 13:11:00,10.0.0.175,POST,200,4.434216898934999,3037,21
2024-01-01 13:12:00,10.0.0.17,POST,200,3.460591324511053,6122,27
2024-01-01 13:13:00,192.168.1.120,POST,403,1.427405585453121,1051,43
2024-01-01 13:14:00,10.0.0.67,GET,500,2.106935041797535,9518,76
2024-01-01 13:15:00,10.0.0.220,DELETE,200,2.534566758236524,5810,11
2024-01-01 13:16:00,192.168.1.225,DELETE,404,4.861332213487398,9153,50
2024-01-01 13:17:00,10.0.0.212,PUT,404,3.104707560387641,5579,15
2024-01-01 13:18:00,10.0.0.127,DELETE,500,2.2151600945572905,5351,70
2024-01-01 13:19:00,10.0.0.180,POST,200,0.5477207099339273,6165,34
2024-01-01 13:20:00,192.168.1.229,POST,500,1.633281144448573,2488,27
2024-01-01 13:21:00,192.168.1.127,GET,500,4.652919372109931,5709,19
2024-01-01 13:22:00,192.168.1.89,PUT,403,4.6172860352147875,1319,77
2024-01-01 13:23:00,10.0.0.190,DELETE,500,3.9642712730135004,9821,69
2024-01-01 13:24:00,192.168.1.35,DELETE,404,3.1812132239255217,7439,42
2024-01-01 13:25:00,192.168.1.194,GET,404,4.174242309969241,8472,98
2024-01-01 13:26:00,192.168.1.114,GET,200,2.423331404584704,7913,74
2024-01-01 13:27:00,192.168.1.100,DELETE,404,1.661501369982653,9092,95
2024-01-01 13:28:00,192.168.1.43,DELETE,200,0.16954034474587085,8432,77
2024-01-01 13:29:00,192.168.1.150,DELETE,200,2.007704297209289,6872,78
2024-01-01 13:30:00,192.168.1.156,PUT,500,4.966560741161477,6028,66
2024-01-01 13:31:00,10.0.0.42,GET,404,4.021450796929276,1132,69
2024-01-01 13:32:00,10.0.0.197,DELETE,404,0.316932677532954,6879,59
2024-01-01 13:33:00,10.0.0.93,DELETE,403,1.8110644653233354,5964,28
2024-01-01 13:34:00,192.168.1.221,DELETE,500,4.271273648799189,6843,36
2024-01-01 13:35:00,10.0.0.93,DELETE,500,2.259925891805883,8311,14
2024-01-01 13:36:00,10.0.0.49,DELETE,500,1.108491996454478,4248,79
2024-01-01 13:37:00,192.168.1.76,PUT,403,2.854104255492027,3928,66
2024-01-01 13:38:00,192.168.1.109,GET,403,4.337561152854365,561,76
2024-01-01 13:39:00,192.168.1.17,POST,403,4.532047202346564,347,68
2024-01-01 13:40:00,192.168.1.77,GET,403,4.61077329483746,2241,29
2024-01-01 13:41:00,10.0.0.9,POST,200,1.8049312474280323,8951,11
2024-01-01 13:42:00,10.0.0.51,GET,403,2.8547206958763782,3518,53
2024-01-01 13:43:00,10.0.0.4,DELETE,200,0.5848233231980302,464,16
2024-01-01 13:44:00,192.168.1.211,DELETE,500,3.955342729536209,9141,77
2024-01-01 13:45:00,10.0.0.71,GET,403,0.9257671099615269,5251,21
2024-01-01 13:46:00,10.0.0.165,GET,403,1.5714382142694918,4053,1
2024-01-01 13:47:00,10.0.0.144,DELETE,403,1.546227699674701,3549,77
2024-01-01 13:48:00,192.168.1.221,GET,200,3.482227466646841,1969,10
2024-01-01 13:49:00,10.0.0.183,DELETE,403,4.217200452321411,4990,70
2024-01-01 13:50:00,192.168.1.148,POST,200,4.456797113259354,7473,38
2024-01-01 13:51:00,192.168.1.215,GET,500,0.5022207566674677,1874,7
2024-01-01 13:52:00,192.168.1.178,PUT,404,1.3363006108733246,3149,54
2024-01-01 13:53:00,192.168.1.199,PUT,403,0.3420769896124408,3749,82
2024-01-01 13:54:00,192.168.1.17,POST,500,1.1642285179997227,1180,17
2024-01-01 13:55:00,192.168.1.147,PUT,404,4.0970278549838355,4940,91
2024-01-01 13:56:00,192.168.1.112,GET,404,2.392628375234757,1133,51
2024-01-01 13:57:00,192.168.1.160,GET,200,3.8947105748898263,2184,32
2024-01-01 13:58:00,192.168.1.2,GET,404,3.0817212685193063,4847,79
2024-01-01 13:59:00,10.0.0.38,DELETE,404,2.2794641357675567,2203,19
2024-01-01 14:00:00,192.168.1.198,POST,403,2.6541156341750574,2345,18
2024-01-01 14:01:00,10.0.0.91,DELETE,500,3.1829976823607686,5842,2
2024-01-01 14:02:00,10.0.0.32,POST,500,0.5444256827342095,9222,64
2024-01-01 14:03:00,192.168.1.112,POST,500,3.4171025982823386,7577,69
2024-01-01 14:04:00,10.0.0.219,POST,404,4.691116245591068,7679,28
2024-01-01 14:05:00,192.168.1.194,PUT,500,2.402206509139791,6890,58
2024-01-01 14:06:00,192.168.1.112,POST,200,0.8434435793973337,8044,37
2024-01-01 14:07:00,192.168.1.110,POST,200,1.4358887833160685,6874,35
2024-01-01 14:08:00,10.0.0.161,POST,500,0.8344676531579784,3994,68
2024-01-01 14:09:00,10.0.0.12,GET,404,1.4016257687866627,4383,8
2024-01-01 14:10:00,10.0.0.209,GET,500,2.240684324046217,401,64
2024-01-01 14:11:00,192.168.1.221,POST,403,0.7896923115303297,5949,75
2024-01-01 14:12:00,10.0.0.218,PUT,500,3.9046654480108565,6026,97
2024-01-01 14:13:00,10.0.0.216,DELETE,404,1.8979332321075058,446,79
2024-01-01 14:14:00,192.168.1.208,POST,403,2.695055642110757,9336,73
2024-01-01 14:15:00,10.0.0.58,GET,500,3.472924666768197,7709,51
2024-01-01 14:16:00,192.168.1.116,PUT,200,3.3465696238364013,5426,17
2024-01-01 14:17:00,192.168.1.225,DELETE,403,1.2085375855003533,747,58
2024-01-01 14:18:00,192.168.1.141,DELETE,403,3.650669833868382,5183,89
2024-01-01 14:19:00,10.0.0.190,DELETE,403,2.9187743815653175,5619,54
2024-01-01 14:20:00,10.0.0.190,DELETE,403,3.989667055293819,5516,83
2024-01-01 14:21:00,10.0.0.241,DELETE,404,4.893362267166807,3621,57
2024-01-01 14:22:00,192.168.1.42,GET,200,3.896846159478705,1350,19
2024-01-01 14:23:00,10.0.0.97,DELETE,200,4.724597809478372,2517,78
2024-01-01 14:24:00,192.168.1.70,GET,200,3.799654058258921,3452,23
2024-01-01 14:25:00,10.0.0.249,DELETE,500,0.8346739426633404,3228,64
2024-01-01 14:26:00,192.168.1.69,POST,500,1.8230934676635473,5660,49
2024-01-01 14:27:00,10.0.0.139,GET,500,1.0629845959733708,2013,96
2024-01-01 14:28:00,10.0.0.165,DELETE,200,3.096278579691368,9381,66
2024-01-01 14:29:00,10.0.0.240,PUT,404,4.688765665523377,6402,87
2024-01-01 14:30:00,10.0.0.123,PUT,200,4.009038530966576,6392,79
2024-01-01 14:31:00,10.0.0.244,GET,200,3.767353807818394,7026,23
2024-01-01 14:32:00,192.168.1.77,DELETE,500,3.8598108021369804,5200,86
2024-01-01 14:33:00,10.0.0.225,PUT,404,2.153086195925052,2718,14
2024-01-01 14:34:00,10.0.0.62,DELETE,200,3.643169392789582,9553,35
2024-01-01 14:35:00,192.168.1.78,DELETE,200,3.9861321856054466,7770,8
2024-01-01 14:36:00,10.0.0.124,PUT,404,1.1551164783373205,1836,24
2024-01-01 14:37:00,192.168.1.209,PUT,404,1.3528291967343549,6089,76
2024-01-01 14:38:00,10.0.0.18,PUT,200,2.633563927554709,1327,61
2024-01-01 14:39:00,192.168.1.85,DELETE,404,2.5986675101091534,795,12
2024-01-01 14:40:00,192.168.1.44,PUT,500,4.3176105782325935,2623,80
2024-01-01 14:41:00,10.0.0.80,POST,404,3.887248984439806,7045,69
2024-01-01 14:42:00,10.0.0.47,DELETE,200,4.794877479646527,6559,4
2024-01-01 14:43:00,10.0.0.88,GET,500,3.8707126555137275,6974,99
2024-01-01 14:44:00,10.0.0.101,POST,200,2.8733624412229375,4990,43
2024-01-01 14:45:00,10.0.0.28,DELETE,403,4.25936841713908,4734,74
2024-01-01 14:46:00,10.0.0.75,POST,403,1.667906833710683,6419,83
2024-01-01 14:47:00,192.168.1.160,POST,200,1.4805254754716617,1767,43
2024-01-01 14:48:00,192.168.1.220,GET,500,0.379224047582592,6712,84
2024-01-01 14:49:00,10.0.0.65,GET,200,2.763976788266303,3895,21
2024-01-01 14:50:00,192.168.1.209,DELETE,200,0.9588874767194324,1181,60
2024-01-01 14:51:00,192.168.1.122,PUT,500,0.3417461092857751,4803,93
2024-01-01 14:52:00,192.168.1.195,GET,200,1.8450473886418166,4719,52
2024-01-01 14:53:00,192.168.1.184,GET,404,3.4772312645456407,1441,49
2024-01-01 14:54:00,10.0.0.35,GET,500,2.968176549565225,9880,95
2024-01-01 14:55:00,192.168.1.110,POST,403,4.924718169946797,4289,67
2024-01-01 14:56:00,192.168.1.73,PUT,404,2.47333486513243,727,39
2024-01-01 14:57:00,192.168.1.170,POST,500,0.9703208279146559,5706,98
2024-01-01 14:58:00,192.168.1.60,POST,500,2.6228095126203286,9681,79
2024-01-01 14:59:00,192.168.1.190,GET,404,0.9014407490209396,7271,32
2024-01-01 15:00:00,192.168.1.166,GET,500,4.91031903944532,5996,81
2024-01-01 15:01:00,192.168.1.160,PUT,200,0.5874569213626034,7761,3
2024-01-01 15:02:00,10.0.0.103,POST,200,3.43564198076733,6804,27
2024-01-01 15:03:00,192.168.1.136,DELETE,404,0.7351538617767013,4288,62
2024-01-01 15:04:00,10.0.0.129,PUT,500,3.2418075703883362,9834,12
2024-01-01 15:05:00,192.168.1.253,POST,403,2.8935250939660655,9870,85
2024-01-01 15:06:00,192.168.1.202,POST,500,1.0754832750748915,1483,14
2024-01-01 15:07:00,192.168.1.58,PUT,200,0.8656834734019201,1833,19
2024-01-01 15:08:00,10.0.0.100,POST,500,4.451760162089339,9698,39
2024-01-01 15:09:00,192.168.1.57,GET,500,4.478391108779771,4088,19
2024-01-01 15:10:00,10.0.0.3,DELETE,200,4.81736392266987,9836,74
2024-01-01 15:11:00,10.0.0.49,POST,404,2.777506059127636,3934,31
2024-01-01 15:12:00,10.0.0.203,PUT,500,4.9691979651368925,9193,61
2024-01-01 15:13:00,10.0.0.88,POST,200,2.686555456870074,5535,89
2024-01-01 15:14:00,10.0.0.6,PUT,404,3.872367520410784,8219,24
2024-01-01 15:15:00,10.0.0.58,POST,500,1.2491866922777506,2881,5
2024-01-01 15:16:00,192.168.1.27,PUT,500,1.1514334208174042,8087,61
2024-01-01 15:17:00,192.168.1.4,GET,404,1.4939367914555677,8658,13
2024-01-01 15:18:00,192.168.1.226,DELETE,404,1.4766982815730938,7817,92
2024-01-01 15:19:00,10.0.0.217,PUT,500,2.485522528427092,9284,39
2024-01-01 15:20:00,192.168.1.43,PUT,200,1.6165345308681074,377,67
2024-01-01 15:21:00,192.168.1.231,GET,403,2.5299037400854343,6722,15
2024-01-01 15:22:00,10.0.0.255,PUT,403,4.203559654722231,8558,31
2024-01-01 15:23:00,10.0.0.19,DELETE,404,3.7839619228712738,1125,76
2024-01-01 15:24:00,192.168.1.88,GET,403,2.1926350938695824,4908,54
2024-01-01 15:25:00,192.168.1.157,DELETE,403,1.6923951964887083,2181,57
2024-01-01 15:26:00,10.0.0.9,POST,500,4.104752398750046,3749,37
2024-01-01 15:27:00,192.168.1.49,GET,200,4.716473850346162,9718,83
2024-01-01 15:28:00,10.0.0.57,DELETE,403,1.1878931658589436,3753,45
2024-01-01 15:29:00,10.0.0.119,GET,404,1.562095679276966,9801,99
2024-01-01 15:30:00,192.168.1.148,GET,403,1.197351157580431,9176,78
2024-01-01 15:31:00,10.0.0.2,POST,200,0.38949118778950764,7217,5
2024-01-01 15:32:00,10.0.0.158,PUT,200,3.495626055931449,8916,1
2024-01-01 15:33:00,10.0.0.176,POST,403,4.168752542364315,9984,19
2024-01-01 15:34:00,10.0.0.90,GET,404,0.3625314380079967,3664,11
2024-01-01 15:35:00,10.0.0.30,DELETE,200,4.673533101527882,8176,67
2024-01-01 15:36:00,10.0.0.100,DELETE,403,2.27986451675851,1016,40
2024-01-01 15:37:00,192.168.1.19,DELETE,200,2.9433892505636634,9024,1
2024-01-01 15:38:00,192.168.1.122,POST,500,4.19643136934433,5965,9
2024-01-01 15:39:00,192.168.1.59,DELETE,403,3.3686325375052366,2873,45
2024-01-01 15:40:00,192.168.1.116,GET,200,0.33396446076883257,2965,82
2024-01-01 15:41:00,10.0.0.221,PUT,500,3.833124288384406,5506,36
2024-01-01 15:42:00,192.168.1.133,DELETE,200,4.5244986166316465,7902,15
2024-01-01 15:43:00,192.168.1.66,DELETE,200,4.408502446682367,9343,56
2024-01-01 15:44:00,10.0.0.253,PUT,500,2.8256458691399247,8480,81
2024-01-01 15:45:00,10.0.0.156,POST,500,4.976750888379942,9857,52
2024-01-01 15:46:00,10.0.0.163,GET,200,2.367941062136858,9451,69
2024-01-01 15:47:00,10.0.0.175,PUT,200,3.1286130053578676,3807,46
2024-01-01 15:48:00,10.0.0.81,DELETE,500,4.441281992840984,4414,34
2024-01-01 15:49:00,10.0.0.40,POST,404,0.6365204652328117,9563,20
2024-01-01 15:50:00,192.168.1.142,PUT,404,4.93856569194322,7293,60
2024-01-01 15:51:00,10.0.0.41,GET,500,4.752383189028817,1151,66
2024-01-01 15:52:00,10.0.0.144,PUT,403,2.3568922077794934,3289,16
2024-01-01 15:53:00,10.0.0.173,PUT,403,2.620908035244041,3950,58
2024-01-01 15:54:00,10.0.0.243,PUT,403,1.9727164765266545,5343,20
2024-01-01 15:55:00,10.0.0.195,DELETE,200,0.7410908561191593,890,43
2024-01-01 15:56:00,10.0.0.185,DELETE,500,2.611635425429557,1033,94
2024-01-01 15:57:00,10.0.0.4,PUT,500,2.0233263536818074,6796,63
2024-01-01 15:58:00,192.168.1.215,DELETE,200,0.2674449991043958,9142,22
2024-01-01 15:59:00,192.168.1.198,PUT,200,2.00415270975647,3513,79
2024-01-01 16:00:00,10.0.0.106,DELETE,404,0.216866456535248,4421,71
2024-01-01 16:01:00,192.168.1.165,DELETE,500,4.756039780435166,6180,76
2024-01-01 16:02:00,192.168.1.82,POST,200,1.0671663454370974,5143,88
2024-01-01 16:03:00,10.0.0.193,POST,200,0.5625665709275398,5472,39
2024-01-01 16:04:00,192.168.1.14,DELETE,200,2.0313990972621645,5717,50
2024-01-01 16:05:00,10.0.0.104,GET,404,4.869119274575961,3708,41
2024-01-01 16:06:00,192.168.1.32,PUT,403,4.30522612929232,2665,70
2024-01-01 16:07:00,192.168.1.171,PUT,200,4.235240950532298,5792,40
2024-01-01 16:08:00,192.168.1.45,POST,200,0.5332369728743703,5756,66
2024-01-01 16:09:00,10.0.0.218,GET,404,1.1274309066979367,939,66
2024-01-01 16:10:00,10.0.0.138,POST,403,4.247260887684431,9987,13
2024-01-01 16:11:00,10.0.0.178,GET,404,3.0730335738531025,3470,20
2024-01-01 16:12:00,192.168.1.89,GET,403,0.9368256866389918,6120,37
2024-01-01 16:13:00,192.168.1.94,DELETE,200,3.081295849827409,4702,76
2024-01-01 16:14:00,192.168.1.65,POST,404,4.895473753581058,9979,44
2024-01-01 16:15:00,10.0.0.90,POST,404,4.931966791247795,6757,53
2024-01-01 16:16:00,10.0.0.114,DELETE,500,3.012570340588324,712,22
2024-01-01 16:17:00,192.168.1.237,POST,500,0.2710259791498508,1640,55
2024-01-01 16:18:00,192.168.1.37,DELETE,500,4.51092713073684,693,97
2024-01-01 16:19:00,10.0.0.231,POST,500,1.1663113664243812,6717,58
2024-01-01 16:20:00,192.168.1.129,PUT,403,4.2450390702901615,5677,56
2024-01-01 16:21:00,10.0.0.121,POST,404,2.0721672082059257,3263,70
2024-01-01 16:22:00,192.168.1.187,DELETE,500,0.309146010137861,1456,45
2024-01-01 16:23:00,192.168.1.55,PUT,500,0.5237966245380917,9497,85
2024-01-01 16:24:00,10.0.0.22,GET,403,0.4019337622688399,3517,21
2024-01-01 16:25:00,10.0.0.126,PUT,404,1.6571622606480612,2089,65
2024-01-01 16:26:00,10.0.0.79,DELETE,500,3.7281292190712874,706,10
2024-01-01 16:27:00,10.0.0.20,POST,200,4.634193444759934,6166,35
2024-01-01 16:28:00,192.168.1.21,DELETE,200,2.634549298137994,5287,81
2024-01-01 16:29:00,10.0.0.145,POST,500,2.7945546589918595,9318,62
2024-01-01 16:30:00,192.168.1.92,GET,200,2.5349075345453675,1452,39
2024-01-01 16:31:00,192.168.1.51,POST,500,2.6917074375861,3447,2
2024-01-01 16:32:00,10.0.0.119,DELETE,200,1.0296885948013326,1274,87
2024-01-01 16:33:00,192.168.1.232,GET,200,1.031476420044601,9825,38
2024-01-01 16:34:00,10.0.0.199,GET,500,4.21904288669564,3523,64
2024-01-01 16:35:00,192.168.1.84,GET,500,0.4375836238398677,9924,14
2024-01-01 16:36:00,10.0.0.153,GET,500,4.2316955939618,7388,63
2024-01-01 16:37:00,10.0.0.204,DELETE,500,2.2409159492158555,5441,61
2024-01-01 16:38:00,192.168.1.100,GET,200,3.177554188361876,7140,58
2024-01-01 16:39:00,10.0.0.50,GET,404,0.350971258277025,6694,87
2024-01-01 16:40:00,10.0.0.218,POST,500,3.835767524323551,4206,18
2024-01-01 16:41:00,10.0.0.60,DELETE,200,1.2983534838108128,496,69
2024-01-01 16:42:00,10.0.0.115,DELETE,404,3.2409504605623174,5615,77
2024-01-01 16:43:00,192.168.1.82,DELETE,403,3.946729531280668,3317,89
2024-01-01 16:44:00,192.168.1.228,PUT,500,4.468957091682362,5180,46
2024-01-01 16:45:00,192.168.1.132,POST,403,4.634641571788631,1649,77
2024-01-01 16:46:00,192.168.1.24,POST,200,1.3331660281811013,1243,67
2024-01-01 16:47:00,10.0.0.162,GET,500,3.6085653737064063,6951,53
2024-01-01 16:48:00,192.168.1.194,PUT,404,4.080830955140187,190,58
2024-01-01 16:49:00,10.0.0.209,GET,403,0.90752706843824,2315,40
2024-01-01 16:50:00,192.168.1.77,POST,404,2.0938039538850277,8492,66
2024-01-01 16:51:00,192.168.1.46,GET,403,2.0978947539174047,5675,28
2024-01-01 16:52:00,192.168.1.106,GET,404,2.7302053210865744,1886,95
2024-01-01 16:53:00,192.168.1.4,PUT,500,1.795064993773335,9539,31
2024-01-01 16:54:00,10.0.0.116,POST,403,1.4108391985366548,6213,10
2024-01-01 16:55:00,10.0.0.112,PUT,404,0.42535948266222345,6565,73
2024-01-01 16:56:00,10.0.0.171,PUT,403,4.482647799848146,958,50
2024-01-01 16:57:00,10.0.0.160,POST,200,2.5535699173697526,3222,50
2024-01-01 16:58:00,10.0.0.230,GET,200,2.116847541374552,4238,2
2024-01-01 16:59:00,192.168.1.85,POST,500,3.8276855892275914,7972,88
2024-01-01 17:00:00,192.168.1.7,DELETE,200,2.0266404655447112,7658,62
2024-01-01 17:01:00,192.168.1.104,PUT,403,3.2920603717973718,4818,11
2024-01-01 17:02:00,192.168.1.141,POST,403,2.426350992286531,4205,86
2024-01-01 17:03:00,10.0.0.67,POST,404,3.9506680613059135,6478,76
2024-01-01 17:04:00,192.168.1.85,DELETE,500,2.7194041536800877,4607,59
2024-01-01 17:05:00,192.168.1.177,POST,200,4.602739408287586,1948,38
2024-01-01 17:06:00,10.0.0.170,GET,403,4.294173067014449,8793,24
2024-01-01 17:07:00,10.0.0.35,GET,200,0.7950037534861968,7233,57
2024-01-01 17:08:00,10.0.0.78,PUT,404,1.3333980483837302,3606,70
2024-01-01 17:09:00,192.168.1.173,POST,200,3.829232606391783,5439,3
2024-01-01 17:10:00,10.0.0.30,GET,500,1.1488095954552717,9536,15
2024-01-01 17:11:00,192.168.1.178,GET,500,4.379714764109429,1196,56
2024-01-01 17:12:00,10.0.0.45,GET,200,2.5151886824527154,6317,76
2024-01-01 17:13:00,10.0.0.224,POST,404,3.0579293525657847,7215,3
2024-01-01 17:14:00,192.168.1.198,GET,500,2.7005137767079637,983,66
2024-01-01 17:15:00,10.0.0.233,GET,404,2.418910506701617,8738,79
2024-01-01 17:16:00,192.168.1.177,PUT,200,2.0265973480387856,5708,23
2024-01-01 17:17:00,10.0.0.11,POST,500,1.915212355335273,9087,28
2024-01-01 17:18:00,10.0.0.176,POST,500,3.430600114700878,1102,85
2024-01-01 17:19:00,192.168.1.117,DELETE,404,3.027853848154609,5669,53
2024-01-01 17:20:00,10.0.0.215,GET,200,4.349264517569615,1466,53
2024-01-01 17:21:00,192.168.1.254,DELETE,403,2.4349749205943336,6922,48
2024-01-01 17:22:00,192.168.1.204,DELETE,500,3.6262101035468413,6570,38
2024-01-01 17:23:00,192.168.1.115,GET,200,1.9535715841217023,2379,57
2024-01-01 17:24:00,192.168.1.249,PUT,500,0.8882587682128515,1913,13
2024-01-01 17:25:00,192.168.1.87,GET,404,4.047322664482519,3334,69
2024-01-01 17:26:00,10.0.0.128,GET,500,1.1957629392151305,7764,33
2024-01-01 17:27:00,10.0.0.76,POST,200,1.5051973530562142,3222,51
2024-01-01 17:28:00,192.168.1.140,PUT,403,4.193169821700879,5044,7
2024-01-01 17:29:00,192.168.1.43,GET,500,4.909860451388371,7503,86
2024-01-01 17:30:00,10.0.0.43,POST,403,3.051125327317282,4698,38
2024-01-01 17:31:00,192.168.1.166,POST,200,3.4535778118475036,6051,40
2024-01-01 17:32:00,10.0.0.13,DELETE,404,3.0467432188804313,2431,56
2024-01-01 17:33:00,192.168.1.213,PUT,404,4.420695424874092,1732,41
2024-01-01 17:34:00,10.0.0.143,PUT,404,3.0152799502476895,7288,13
2024-01-01 17:35:00,192.168.1.5,GET,404,4.3299301607050555,8796,23
2024-01-01 17:36:00,10.0.0.249,POST,403,0.13972748122630346,8245,2
2024-01-01 17:37:00,10.0.0.180,PUT,200,4.375103502868857,6752,99
2024-01-01 17:38:00,10.0.0.103,DELETE,404,2.603338079769018,2582,53
2024-01-01 17:39:00,10.0.0.206,GET,500,3.855169793586466,676,55
2024-01-01 17:40:00,192.168.1.107,DELETE,500,4.185585604921837,4696,73
2024-01-01 17:41:00,10.0.0.110,DELETE,404,4.145569502401411,7406,31
2024-01-01 17:42:00,192.168.1.202,DELETE,404,4.38002436935682,2257,25
2024-01-01 17:43:00,192.168.1.231,GET,200,2.8443471488644523,9033,93
2024-01-01 17:44:00,10.0.0.13,PUT,500,1.482276526682716,2463,46
2024-01-01 17:45:00,192.168.1.16,PUT,200,1.935723892775952,3917,18
2024-01-01 17:46:00,192.168.1.96,PUT,403,1.479639363321528,2255,11
2024-01-01 17:47:00,192.168.1.63,GET,403,4.763086446542988,8875,14
2024-01-01 17:48:00,10.0.0.118,PUT,403,3.9595475235854813,1909,45
2024-01-01 17:49:00,192.168.1.176,PUT,500,3.2805687055450843,4813,97
2024-01-01 17:50:00,10.0.0.87,GET,500,1.6188173326068231,4831,9
2024-01-01 17:51:00,192.168.1.213,POST,404,4.100328255575944,9509,43
2024-01-01 17:52:00,192.168.1.43,DELETE,404,1.9198968456166183,2846,58
2024-01-01 17:53:00,192.168.1.58,PUT,404,2.140794186095057,4703,17
2024-01-01 17:54:00,192.168.1.199,GET,200,3.0776276316832862,9346,57
2024-01-01 17:55:00,192.168.1.202,POST,403,4.6758276979570095,1184,35
2024-01-01 17:56:00,10.0.0.152,DELETE,200,2.1561218848109687,5601,97
2024-01-01 17:57:00,192.168.1.4,PUT,500,0.5876143839089334,8060,69
2024-01-01 17:58:00,10.0.0.134,PUT,403,2.45226993357723,9771,19
2024-01-01 17:59:00,10.0.0.226,POST,200,2.5911055192244743,2660,96
2024-01-01 18:00:00,192.168.1.207,GET,404,2.378973039772196,234,6
2024-01-01 18:01:00,10.0.0.190,PUT,200,0.7565745011191366,2890,90
2024-01-01 18:02:00,10.0.0.50,PUT,500,2.3639964040012873,6517,38
2024-01-01 18:03:00,192.168.1.10,GET,403,3.583947356450326,1886,86
2024-01-01 18:04:00,192.168.1.247,POST,403,4.8170777906861755,4425,62
2024-01-01 18:05:00,10.0.0.80,DELETE,404,3.221041425698338,4857,94
2024-01-01 18:06:00,192.168.1.27,DELETE,500,4.006980968225871,5246,78
2024-01-01 18:07:00,192.168.1.120,GET,404,1.4996766996161492,4710,75
2024-01-01 18:08:00,10.0.0.37,PUT,500,0.45872135890930255,2221,84
2024-01-01 18:09:00,10.0.0.171,DELETE,404,3.841342991014543,8545,36
2024-01-01 18:10:00,192.168.1.16,POST,404,2.1351071435422204,8857,76
2024-01-01 18:11:00,192.168.1.51,GET,500,3.5754248064700245,8240,29
2024-01-01 18:12:00,10.0.0.8,PUT,403,0.5533941973384187,655,6
2024-01-01 18:13:00,192.168.1.223,GET,200,4.693219133266747,9677,8
2024-01-01 18:14:00,10.0.0.78,GET,200,4.694078748735622,8562,13
2024-01-01 18:15:00,192.168.1.184,PUT,404,4.300942835756308,3071,27
2024-01-01 18:16:00,192.168.1.17,GET,200,0.823888571734786,684,94
2024-01-01 18:17:00,192.168.1.244,PUT,500,4.704688721326567,9816,99
2024-01-01 18:18:00,192.168.1.159,GET,500,0.8098478453191456,3636,16
2024-01-01 18:19:00,192.168.1.231,GET,403,2.4485452936066405,8925,35
2024-01-01 18:20:00,192.168.1.255,PUT,200,2.1750668993483044,9690,63
2024-01-01 18:21:00,10.0.0.60,POST,200,3.75205530979714,5407,24
2024-01-01 18:22:00,192.168.1.160,DELETE,200,3.3070154926769098,1361,7
2024-01-01 18:23:00,192.168.1.117,DELETE,403,4.9090691865436025,5145,5
2024-01-01 18:24:00,10.0.0.195,PUT,403,0.5771258162795151,9001,6
2024-01-01 18:25:00,10.0.0.70,PUT,403,0.5495093729679448,5323,92
2024-01-01 18:26:00,192.168.1.20,POST,403,3.4826169464042622,6790,43
2024-01-01 18:27:00,192.168.1.91,DELETE,403,4.020205941134779,8334,47
2024-01-01 18:28:00,10.0.0.34,DELETE,403,4.412596543103105,525,14
2024-01-01 18:29:00,192.168.1.75,GET,500,0.3578235447727687,7627,49
2024-01-01 18:30:00,10.0.0.177,PUT,403,3.6643098235545413,4068,11
2024-01-01 18:31:00,192.168.1.166,PUT,404,1.1145785091396307,6159,55
2024-01-01 18:32:00,192.168.1.78,POST,403,2.7809433860544663,9217,79
2024-01-01 18:33:00,10.0.0.146,DELETE,403,4.197421735681611,7372,3
2024-01-01 18:34:00,192.168.1.243,DELETE,404,0.8928831505124862,5024,84
2024-01-01 18:35:00,192.168.1.242,GET,403,0.1848300141215809,9479,83
2024-01-01 18:36:00,10.0.0.237,PUT,200,3.4829615130689295,4817,62
2024-01-01 18:37:00,10.0.0.14,PUT,404,4.340409334109524,2501,81
2024-01-01 18:38:00,10.0.0.105,PUT,403,0.903713068713952,7423,92
2024-01-01 18:39:00,10.0.0.12,GET,200,1.7883612716175654,5438,80
2024-01-01 18:40:00,10.0.0.171,GET,500,2.560707376223787,3130,6
2024-01-01 18:41:00,10.0.0.193,PUT,404,1.4026277578304223,1401,87
2024-01-01 18:42:00,192.168.1.29,GET,200,0.4827290614378692,7875,69
2024-01-01 18:43:00,10.0.0.71,POST,500,3.533746211057759,3354,86
2024-01-01 18:44:00,192.168.1.133,PUT,404,0.3849992459943925,3761,55
2024-01-01 18:45:00,192.168.1.233,PUT,500,1.2359192815798519,8531,52
2024-01-01 18:46:00,192.168.1.238,POST,500,3.9015736117666933,1388,55
2024-01-01 18:47:00,192.168.1.10,GET,500,4.907749518833879,3158,21
2024-01-01 18:48:00,192.168.1.53,DELETE,500,2.357526380221457,4137,28
2024-01-01 18:49:00,10.0.0.6,DELETE,404,2.1208295862548012,5268,43
2024-01-01 18:50:00,192.168.1.81,POST,500,1.4364387507278324,8944,38
2024-01-01 18:51:00,192.168.1.184,PUT,500,1.6316799269686315,9029,6
2024-01-01 18:52:00,10.0.0.191,POST,500,0.5292472623190287,1455,64
2024-01-01 18:53:00,192.168.1.243,PUT,500,3.305113278988626,2127,90
2024-01-01 18:54:00,10.0.0.118,PUT,500,4.587845907909226,2412,93
2024-01-01 18:55:00,10.0.0.11,DELETE,404,3.3718666454521506,1061,41
2024-01-01 18:56:00,10.0.0.150,DELETE,404,3.824043256526305,8125,89
2024-01-01 18:57:00,192.168.1.134,PUT,200,2.1053213601673786,9165,67
2024-01-01 18:58:00,192.168.1.220,POST,500,3.856662872681893,3535,83
2024-01-01 18:59:00,192.168.1.217,POST,404,3.1818726272074827,4609,9
2024-01-01 19:00:00,192.168.1.207,DELETE,404,4.575125555768614,2878,95
2024-01-01 19:01:00,10.0.0.231,PUT,200,4.328974412860218,136,20
2024-01-01 19:02:00,192.168.1.5,PUT,404,4.728001772411903,418,25
2024-01-01 19:03:00,10.0.0.12,PUT,404,4.077279902822242,6280,74
2024-01-01 19:04:00,10.0.0.155,PUT,200,4.25006134020448,2132,18
2024-01-01 19:05:00,10.0.0.1,PUT,403,0.5714606139435616,4765,94
2024-01-01 19:06:00,192.168.1.169,POST,403,0.6610942960051401,9914,51
2024-01-01 19:07:00,10.0.0.65,POST,500,1.770630176144406,9573,97
2024-01-01 19:08:00,192.168.1.192,GET,200,4.7875959253067535,4103,92
2024-01-01 19:09:00,192.168.1.31,POST,403,4.72740181542108,6025,16
2024-01-01 19:10:00,10.0.0.78,GET,404,4.4325973275820605,834,36
2024-01-01 19:11:00,10.0.0.53,GET,403,2.399289780153734,5182,53
2024-01-01 19:12:00,192.168.1.164,GET,500,4.650407532824929,1530,59
2024-01-01 19:13:00,10.0.0.91,POST,403,2.905945846777662,4313,59
2024-01-01 19:14:00,10.0.0.24,POST,500,1.8052314028390222,7038,63
2024-01-01 19:15:00,192.168.1.232,PUT,404,3.9014555629405097,7009,45
2024-01-01 19:16:00,192.168.1.75,POST,500,2.109668689555414,5648,64
2024-01-01 19:17:00,10.0.0.34,POST,200,4.031666728956593,9612,87
2024-01-01 19:18:00,192.168.1.57,DELETE,200,4.478707613076854,2805,22
2024-01-01 19:19:00,192.168.1.49,POST,404,2.7941754442408735,3135,69
2024-01-01 19:20:00,10.0.0.39,DELETE,404,3.6868120588920785,4050,87
2024-01-01 19:21:00,10.0.0.8,DELETE,403,4.75979186137777,1459,51
2024-01-01 19:22:00,10.0.0.196,GET,403,1.181894255151529,9497,49
2024-01-01 19:23:00,192.168.1.203,POST,500,0.5549472498018753,835,38
2024-01-01 19:24:00,10.0.0.175,DELETE,500,1.8926770146853977,8537,19
2024-01-01 19:25:00,192.168.1.31,PUT,404,3.2671281228155102,6408,33
2024-01-01 19:26:00,10.0.0.114,DELETE,500,0.12668209386397844,1860,75
2024-01-01 19:27:00,192.168.1.233,GET,500,4.624002368941836,2346,95
2024-01-01 19:28:00,10.0.0.194,PUT,200,2.436254152187733,3667,91
2024-01-01 19:29:00,10.0.0.215,DELETE,403,0.6103360889007234,9872,4
2024-01-01 19:30:00,10.0.0.107,PUT,403,4.915361251293858,823,68
2024-01-01 19:31:00,10.0.0.120,GET,404,1.8157911713277977,729,35
2024-01-01 19:32:00,192.168.1.94,PUT,500,4.373303741315999,8617,17
2024-01-01 19:33:00,192.168.1.21,PUT,404,1.1186119669794579,3200,94
2024-01-01 19:34:00,10.0.0.223,GET,403,2.793057160413111,5040,42
2024-01-01 19:35:00,192.168.1.31,POST,403,4.020028072371503,110,89
2024-01-01 19:36:00,10.0.0.148,POST,403,4.184778381251913,9088,38
2024-01-01 19:37:00,192.168.1.152,PUT,404,1.9907167838520607,6326,89
2024-01-01 19:38:00,192.168.1.8,POST,403,1.389400786968959,9764,89
2024-01-01 19:39:00,192.168.1.186,PUT,403,4.53536250747138,5955,96
2024-01-01 19:40:00,192.168.1.243,GET,200,2.714910192632448,9893,13
2024-01-01 19:41:00,192.168.1.73,PUT,200,1.0961488946003883,4959,7
2024-01-01 19:42:00,10.0.0.236,DELETE,403,3.839924318727342,7286,18
2024-01-01 19:43:00,10.0.0.137,DELETE,500,3.704208777604008,7975,1
2024-01-01 19:44:00,10.0.0.161,GET,500,2.2945343550012005,1174,43
2024-01-01 19:45:00,10.0.0.222,GET,500,0.1748542208098127,7975,71
2024-01-01 19:46:00,192.168.1.88,DELETE,500,0.3734764713350165,8430,2
2024-01-01 19:47:00,10.0.0.192,DELETE,403,0.4110011555805364,7685,25
2024-01-01 19:48:00,10.0.0.87,GET,403,1.946827690358508,4417,57
2024-01-01 19:49:00,10.0.0.97,GET,500,1.2925796257220752,4515,55
2024-01-01 19:50:00,10.0.0.220,POST,200,0.8728097741284632,906,27
2024-01-01 19:51:00,192.168.1.40,PUT,500,0.31330126502176103,6679,46
2024-01-01 19:52:00,10.0.0.124,POST,500,1.3571457802593878,3981,82
2024-01-01 19:53:00,10.0.0.200,GET,403,2.7197009155783496,3319,61
2024-01-01 19:54:00,10.0.0.239,POST,403,4.817427233601856,8786,22
2024-01-01 19:55:00,10.0.0.105,PUT,200,3.073214597889184,3454,5
2024-01-01 19:56:00,10.0.0.73,PUT,500,3.3346704060517944,7602,98
2024-01-01 19:57:00,192.168.1.184,GET,403,4.2197310068323075,8194,45
2024-01-01 19:58:00,10.0.0.53,GET,404,2.0549620603746086,2031,96
2024-01-01 19:59:00,192.168.1.244,GET,404,2.8277992017938267,9532,60
2024-01-01 20:00:00,192.168.1.67,GET,200,0.3761202511456917,7324,26
2024-01-01 20:01:00,192.168.1.69,PUT,404,3.2317075825877377,9715,74
2024-01-01 20:02:00,10.0.0.77,POST,200,4.919871632772498,5518,53
2024-01-01 20:03:00,192.168.1.182,PUT,403,2.7130943450670517,5251,39
2024-01-01 20:04:00,10.0.0.179,PUT,404,0.9744651247688562,2717,86
2024-01-01 20:05:00,192.168.1.223,GET,404,1.7036280532444836,6663,20
2024-01-01 20:06:00,192.168.1.13,GET,404,0.5050188096710323,9835,80
2024-01-01 20:07:00,10.0.0.136,POST,404,1.1609163616226927,7649,52
2024-01-01 20:08:00,10.0.0.204,GET,403,4.808670970482698,4043,59
2024-01-01 20:09:00,10.0.0.81,PUT,500,3.466256010518142,7059,80
2024-01-01 20:10:00,10.0.0.217,GET,200,1.045862114719768,7094,31
2024-01-01 20:11:00,10.0.0.80,GET,404,2.529903035910837,6503,9
2024-01-01 20:12:00,10.0.0.12,PUT,403,2.4565300653989843,1418,83
2024-01-01 20:13:00,10.0.0.32,GET,200,3.7290090577573807,2865,28
2024-01-01 20:14:00,192.168.1.40,POST,404,4.449825257007531,1477,23
2024-01-01 20:15:00,10.0.0.49,POST,403,4.426225040582197,8528,66
2024-01-01 20:16:00,192.168.1.167,DELETE,403,4.598026010431854,343,60
2024-01-01 20:17:00,10.0.0.206,POST,200,3.908811842650094,6954,53
2024-01-01 20:18:00,10.0.0.187,PUT,404,3.0532600646926285,1259,64
2024-01-01 20:19:00,192.168.1.28,PUT,500,0.4950290161223223,528,51
2024-01-01 20:20:00,10.0.0.238,POST,200,1.597201684826815,9883,78
2024-01-01 20:21:00,10.0.0.121,DELETE,500,4.823651924440656,1493,11
2024-01-01 20:22:00,192.168.1.123,PUT,500,3.090097706854237,9615,22
2024-01-01 20:23:00,192.168.1.144,POST,403,1.9162213784813884,5188,49
2024-01-01 20:24:00,10.0.0.146,DELETE,403,0.8434557123699515,9361,13
2024-01-01 20:25:00,10.0.0.214,GET,200,1.2050353584344817,8988,7
2024-01-01 20:26:00,192.168.1.102,GET,200,1.5064091078537625,4513,93
2024-01-01 20:27:00,10.0.0.123,PUT,500,4.8928679524154335,5303,56
2024-01-01 20:28:00,192.168.1.230,DELETE,500,1.3108985930678116,2331,94
2024-01-01 20:29:00,192.168.1.242,PUT,404,0.4742720276856103,4917,68
2024-01-01 20:30:00,192.168.1.155,DELETE,200,2.0258880093826432,2293,73
2024-01-01 20:31:00,10.0.0.11,GET,500,4.063208227594569,7237,63
2024-01-01 20:32:00,10.0.0.137,GET,500,1.090261833179274,5506,12
2024-01-01 20:33:00,10.0.0.37,PUT,403,4.793145810341746,2726,72
2024-01-01 20:34:00,192.168.1.169,PUT,500,4.006703771363078,4422,44
2024-01-01 20:35:00,192.168.1.59,PUT,404,0.6358052090023151,7409,32
2024-01-01 20:36:00,10.0.0.232,DELETE,200,0.2951752686770369,2805,88
2024-01-01 20:37:00,192.168.1.81,GET,500,2.0403510044675817,1920,39
2024-01-01 20:38:00,10.0.0.207,DELETE,403,2.6968784910588646,8515,60
2024-01-01 20:39:00,192.168.1.222,GET,500,0.5716075136538656,6186,61
2024-01-01 20:40:00,10.0.0.2,GET,200,2.6249289730238803,7055,63
2024-01-01 20:41:00,192.168.1.200,DELETE,404,4.793992453594873,1390,87
2024-01-01 20:42:00,192.168.1.165,GET,500,4.370861033334772,6644,97
2024-01-01 20:43:00,10.0.0.142,PUT,403,1.0450064836552628,5952,29
2024-01-01 20:44:00,192.168.1.81,DELETE,200,0.7319131568099808,1714,1
2024-01-01 20:45:00,192.168.1.202,GET,200,1.075197004290898,288,91
2024-01-01 20:46:00,192.168.1.184,PUT,404,4.309175673079056,5876,29
2024-01-01 20:47:00,192.168.1.222,PUT,404,2.421316541836383,2627,16
2024-01-01 20:48:00,192.168.1.177,GET,404,2.0780283947286615,8226,2
2024-01-01 20:49:00,10.0.0.229,DELETE,403,3.87362613200601,6198,14
2024-01-01 20:50:00,10.0.0.200,POST,404,0.4032783656509319,702,67
2024-01-01 20:51:00,10.0.0.144,GET,200,0.4383037577489052,8656,31
2024-01-01 20:52:00,10.0.0.43,PUT,500,3.7047103997297164,6864,69
2024-01-01 20:53:00,192.168.1.114,GET,403,3.175604776381086,1408,31
2024-01-01 20:54:00,10.0.0.179,GET,200,2.7013676457505,5903,5
2024-01-01 20:55:00,10.0.0.24,DELETE,404,4.2062174241105925,1369,69
2024-01-01 20:56:00,10.0.0.143,DELETE,500,4.931629275915767,7948,49
2024-01-01 20:57:00,192.168.1.137,GET,500,0.42671011203576237,4799,18
2024-01-01 20:58:00,10.0.0.115,POST,404,3.745363134280706,8044,55
2024-01-01 20:59:00,10.0.0.255,GET,403,2.058548710352359,6670,32
2025-04-07 10:19:49.100045,192.168.1.17,PUT,403,4.463586220242094,4845,39
2025-04-07 10:19:49.111040,10.0.0.168,PUT,500,0.5566756989549247,1856,87
2025-04-07 10:19:57.112270,10.0.0.109,GET,404,3.6880954394428453,3349,29
2025-04-07 10:20:01.708935,10.0.0.246,PUT,404,1.0158978468913964,9046,4
2025-04-07 10:20:13.098168,10.0.0.20,PUT,404,1.7418123444384443,1746,83
2025-04-07 10:20:13.108170,10.0.0.149,PUT,403,3.6484383819104065,6981,40
2025-04-07 10:20:16.531955,192.168.1.27,POST,200,0.7091323900628858,2646,83
2025-04-07 10:20:20.381636,10.0.0.108,PUT,500,2.168898713717806,5543,66
2025-04-07 10:20:25.254595,10.0.0.115,PUT,500,1.3476472706893527,4623,8
2025-04-07 10:20:29.055718,10.0.0.109,PUT,404,4.108419120792387,5874,54
2025-04-07 10:20:33.056874,192.168.1.140,DELETE,200,1.409956222611537,1767,43
2025-04-07 10:20:36.822072,192.168.1.212,PUT,403,0.7156029436118176,8424,27
2025-04-07 10:20:40.509268,10.0.0.185,GET,404,4.019423267275504,2914,63
2025-04-07 10:20:44.124744,192.168.1.125,PUT,200,1.3834279264915275,3306,7
2025-04-07 10:20:47.907933,10.0.0.196,DELETE,403,1.764897925979248,8820,26
2025-04-07 10:20:56.397164,10.0.0.131,GET,200,4.122668994668662,4424,62
2025-04-07 10:21:12.708845,192.168.1.243,PUT,404,1.4925898100804413,3124,68
2025-04-07 10:21:39.104634,10.0.0.20,DELETE,500,4.641308848540769,8125,4
2025-04-07 10:21:39.111635,192.168.1.144,DELETE,403,1.5597629080643676,7717,60
2025-04-07 10:21:45.211134,10.0.0.149,POST,500,2.8310937043414777,254,41
2025-04-07 10:21:49.313413,192.168.1.116,PUT,500,0.2512504470230829,4792,1
2025-04-07 10:21:53.675373,10.0.0.242,DELETE,200,3.0490508815610022,744,44
2025-04-07 10:21:57.558082,192.168.1.193,DELETE,403,0.5181820422410256,6007,31
2025-04-07 10:22:04.484152,192.168.1.215,PUT,200,4.807611399232818,5582,54
2025-04-07 10:22:11.913692,10.0.0.131,GET,500,3.108385255721184,3495,21
2025-04-07 10:22:16.061237,10.0.0.172,POST,403,4.184159650938379,4006,60
2025-04-07 10:22:20.398660,10.0.0.118,DELETE,500,0.7244599557531807,8243,52
2025-04-07 10:22:25.053674,192.168.1.223,PUT,403,2.4628325614809126,7647,42
2025-04-07 10:22:38.141588,192.168.1.233,GET,200,2.400975677781634,1351,48
2025-04-07 10:22:48.206631,192.168.1.251,PUT,403,2.028325806962021,9828,90
2025-04-07 10:23:11.570687,192.168.1.79,DELETE,404,2.3461610896088905,8156,62
2025-04-07 10:23:20.595756,10.0.0.109,DELETE,200,2.986825444185225,6454,4
2025-04-07 10:23:26.869963,192.168.1.20,GET,403,3.397074189870356,8321,75
2025-04-07 10:23:33.370213,192.168.1.94,PUT,403,4.565333945926982,6132,63
2025-04-07 10:23:38.706705,192.168.1.18,GET,500,4.158158990044522,7136,94
2025-04-07 10:23:43.644641,10.0.0.210,POST,403,3.6093507538319685,2403,4
2025-04-07 10:29:24.958015,10.0.0.83,PUT,200,0.6878636607068064,1501,1
2025-04-07 10:29:24.965023,192.168.1.158,GET,404,2.3209145603145975,7076,60
2025-04-07 10:29:28.468596,10.0.0.38,PUT,404,1.7713925534479442,7890,18
2025-04-07 10:29:31.942669,10.0.0.39,GET,403,4.656893567672564,9097,14
2025-04-07 10:29:35.910539,10.0.0.86,DELETE,200,4.916495177748074,2865,69
2025-04-07 10:29:39.570911,192.168.1.66,PUT,500,3.288574576508802,9306,36
2025-04-07 10:29:42.748143,10.0.0.198,PUT,500,1.3661653957695181,2839,59
2025-04-07 10:29:48.636765,192.168.1.189,DELETE,200,1.953189717611288,4040,58
2025-04-07 10:29:52.155663,10.0.0.192,POST,500,1.650890904569529,6263,13
2025-04-07 10:29:55.397268,10.0.0.184,POST,404,1.3758717805409655,5563,18
2025-04-07 10:29:58.717643,10.0.0.27,DELETE,403,0.9982926508292188,9154,27
2025-04-07 10:30:03.394535,192.168.1.243,GET,200,1.4253999861764255,725,57
2025-04-07 10:35:51.093457,10.0.0.219,DELETE,500,3.9334303637648547,9069,86
2025-04-07 10:35:51.100455,192.168.1.187,DELETE,200,2.340894902904592,4575,92
2025-04-07 10:35:56.135921,192.168.1.243,POST,404,1.8836069494521164,3228,22
2025-04-07 10:35:59.483886,10.0.0.74,GET,200,0.3997331603162728,7109,66
2025-04-07 10:36:03.570790,192.168.1.15,DELETE,500,4.154354361476937,7315,58
2025-04-07 10:36:06.922136,192.168.1.191,DELETE,403,2.016636702515073,4520,93
2025-04-07 10:36:10.377148,10.0.0.189,GET,404,0.31313518544173014,5480,32
2025-04-07 10:36:18.252088,10.0.0.152,DELETE,404,0.29119417780012946,5202,39
2025-04-07 10:36:23.494081,10.0.0.41,PUT,500,1.9467991561844955,7276,14
2025-04-07 10:36:27.210083,192.168.1.80,DELETE,404,1.4542856412525567,1405,62
2025-04-07 10:36:31.370079,192.168.1.141,POST,500,2.073844687525469,1050,61
2025-04-07 10:36:41.716751,192.168.1.75,GET,200,1.8922332187170448,8487,45
2025-04-07 10:37:37.846602,10.0.0.70,GET,404,0.8417891962361826,3576,35
2025-04-07 10:38:13.044756,10.0.0.9,DELETE,403,2.612633219605945,8926,92
2025-04-07 10:38:21.638674,192.168.1.170,POST,404,3.59518560336507,443,45
2025-04-07 10:38:27.884308,10.0.0.130,PUT,403,4.91183381958022,726,91
2025-04-07 10:38:37.810929,192.168.1.199,POST,403,2.6927987626320347,5199,4
2025-04-07 10:40:46.464275,192.168.1.112,DELETE,403,4.102526317098287,621,54
2025-04-07 10:40:55.523698,10.0.0.35,POST,403,4.303226279838145,816,62
2025-04-07 10:41:00.980715,192.168.1.238,POST,200,1.735269591913013,5239,52
2025-04-07 10:55:42.851429,192.168.1.127,GET,404,3.230152578271902,7649,41
2025-04-07 10:55:42.858436,192.168.1.247,DELETE,403,4.913473998914114,957,58
2025-04-07 10:55:56.059385,192.168.1.72,PUT,403,0.5237700871944613,2816,72
2025-04-07 10:56:01.838924,192.168.1.35,POST,404,4.12663703925222,7996,25
2025-04-07 10:56:09.502433,10.0.0.139,PUT,200,3.5943615823056945,8088,99
2025-04-07 10:56:13.953092,10.0.0.35,PUT,500,2.8688088429142553,3710,31
2025-04-07 10:56:20.583252,192.168.1.63,PUT,500,2.5230748470276794,4275,70
2025-04-07 10:56:25.885848,10.0.0.30,PUT,404,3.498252853607092,1763,62
2025-04-07 10:56:29.922083,10.0.0.115,GET,404,4.110461850452178,6405,47
2025-04-07 10:56:33.743925,10.0.0.217,POST,500,4.619000543720724,1345,5
2025-04-07 10:56:38.648334,192.168.1.202,PUT,404,4.912647214910084,3090,92
2025-04-07 10:56:53.742549,10.0.0.224,POST,404,3.891000815874144,2193,26
2025-04-07 10:57:06.104403,10.0.0.166,DELETE,200,3.1546527709904173,657,2
2025-04-07 10:57:22.979134,192.168.1.117,DELETE,200,3.8461832485216205,4680,14
2025-04-07 10:57:37.552599,192.168.1.157,DELETE,403,0.11537295378354581,6067,7
2025-04-07 10:57:57.177241,192.168.1.170,DELETE,200,1.435034044944463,1375,95
2025-04-07 10:57:57.185248,10.0.0.188,GET,403,4.878872764391165,6256,21
2025-04-07 10:58:03.134369,192.168.1.245,PUT,403,4.321687995891625,1289,13
2025-04-07 10:58:08.991055,10.0.0.25,PUT,403,2.7600302755298527,614,10
2025-04-07 10:58:13.713826,10.0.0.108,GET,500,3.4923048473692906,8908,18
2025-04-07 10:58:18.900301,192.168.1.164,GET,500,2.238678243004617,4715,60
2025-04-07 10:58:24.554820,192.168.1.170,POST,500,3.945612220600534,5196,6
2025-04-07 10:58:28.741006,10.0.0.108,GET,403,1.3397713562776266,8475,42
2025-04-07 10:58:32.960646,10.0.0.128,POST,403,1.2246822048253143,2076,48
2025-04-07 10:58:37.406347,10.0.0.116,PUT,404,0.5486973628664924,2773,65
2025-04-07 10:58:41.172583,192.168.1.253,GET,500,0.23091412838201436,1494,92
2025-04-07 10:58:52.997268,10.0.0.123,POST,200,3.73127938027261,2838,15
2025-04-07 10:59:17.891905,192.168.1.231,PUT,500,0.21788268365468272,5675,31
2025-04-08 21:52:02.795269,192.168.1.166,GET,500,0.4129669263635579,9855,83
2025-04-08 21:52:02.807971,10.0.0.168,DELETE,200,2.642075731040438,6385,58
2025-04-08 21:52:09.918073,192.168.1.234,GET,200,1.5666412155381053,9661,92
2025-04-08 21:52:14.882389,10.0.0.5,DELETE,200,2.670574525065855,1688,36
2025-04-08 21:52:20.761282,10.0.0.20,POST,403,4.772505945326192,4289,28
2025-04-08 21:52:25.283689,192.168.1.65,DELETE,403,1.9835841470433562,5532,18
2025-04-08 21:52:30.253914,10.0.0.48,POST,404,2.951621744812046,463,34
2025-04-08 21:52:34.475366,10.0.0.45,POST,500,1.558387332220714,3079,15
2025-04-08 21:52:38.772859,192.168.1.205,POST,404,1.6888632090692441,7489,84
2025-04-08 21:52:47.013401,192.168.1.6,GET,200,0.6296010245787647,3850,79
2025-04-08 21:53:12.964339,10.0.0.210,PUT,200,3.809081944886508,4929,1
2025-04-08 21:53:20.146529,192.168.1.75,GET,200,1.9780633914735277,2603,40
2025-04-08 21:54:06.373192,192.168.1.64,PUT,500,2.1728885000800453,5425,23
2025-04-08 21:54:20.871315,10.0.0.39,DELETE,500,3.053510079510137,9059,26
2025-04-10 07:55:50.689759,192.168.1.142,POST,403,2.801169368489966,4049,42
2025-04-10 07:55:50.709741,10.0.0.140,GET,404,0.9017237297192849,7605,42
2025-04-10 07:55:57.784222,10.0.0.38,PUT,500,4.090859623567777,259,29
2025-04-10 07:56:03.139447,10.0.0.3,DELETE,500,1.3787791564357028,4181,55
2025-04-10 07:56:10.499580,10.0.0.159,PUT,200,1.9320947652614557,9726,64
2025-04-10 07:56:16.152769,192.168.1.67,PUT,404,4.024612226482758,9613,94
2025-04-10 07:56:21.233784,10.0.0.197,PUT,200,4.882724639056897,9835,91
2025-04-10 07:56:25.443277,10.0.0.235,GET,403,0.9974605543954109,7810,4
2025-04-10 07:56:36.886645,192.168.1.10,POST,500,0.2672890692208013,9639,71
2025-04-10 07:56:41.251439,192.168.1.33,GET,404,4.473956548948053,2784,84
2025-04-10 07:56:45.152346,192.168.1.158,GET,200,4.728965243753614,4684,85
2025-04-10 07:56:54.685269,192.168.1.66,PUT,403,4.047537333430901,8714,58
2025-04-10 07:57:31.353773,192.168.1.54,PUT,403,0.17893170319412888,937,81
2025-04-10 08:05:14.706025,192.168.1.5,PUT,403,2.8640731712694842,260,51
2025-04-10 08:05:14.720983,10.0.0.105,PUT,403,2.937516080083435,5525,98
2025-04-10 08:05:19.396859,10.0.0.124,POST,200,3.341977560847801,5070,64
2025-04-10 08:05:23.382129,10.0.0.182,PUT,500,1.7243124621857,1920,5
2025-04-10 08:05:27.077242,10.0.0.243,POST,404,2.18057326553213,6304,99
2025-04-10 08:05:30.687855,192.168.1.169,PUT,404,1.2401210674563072,9474,10
2025-04-10 08:05:34.447673,10.0.0.214,POST,500,1.1076376169995101,8906,74
2025-04-10 08:05:38.008522,10.0.0.22,PUT,404,0.7295451042679613,1650,90
2025-04-10 08:05:41.766743,192.168.1.12,GET,200,1.1861934530893035,338,77
2025-04-10 08:05:45.964417,10.0.0.223,PUT,200,2.629160565684301,4747,34
2025-04-10 08:05:49.307503,192.168.1.95,PUT,403,1.7472102110227636,6069,97
2025-04-10 08:05:55.144083,10.0.0.235,GET,200,3.8154870184802756,5562,89
2025-04-10 08:06:04.022174,192.168.1.85,DELETE,200,4.688076421936974,6529,27
2025-04-10 08:38:14.172740,10.0.0.126,PUT,403,1.8299235091874253,1605,67
2025-04-10 08:38:14.184792,10.0.0.31,PUT,200,3.62533308266466,1514,92
2025-04-10 08:38:18.721023,192.168.1.197,DELETE,404,0.922396824866562,607,37
2025-04-10 08:38:22.184904,10.0.0.242,DELETE,404,4.64801351026541,4712,57
